sprite,name,group,kind,height_source,top_levels,top_meters
advertising_01_0,,,solid,geometry,0.9,2.2
advertising_01_1,,,solid,alias,0.9,2.2
advertising_01_10,,,solid,alias,0.9,2.2
advertising_01_11,,,solid,alias,0.9,2.2
advertising_01_12,,,solid,alias,0.9,2.2
advertising_01_13,,,solid,alias,0.9,2.2
advertising_01_2,,,solid,alias,0.9,2.2
advertising_01_3,,,solid,alias,0.9,2.2
advertising_01_4,,,solid,alias,0.9,2.2
advertising_01_5,,,solid,alias,0.9,2.2
advertising_01_8,,,solid,geometry,0.9,2.2
advertising_01_9,,,solid,alias,0.9,2.2
advertising_02_0,Sign,Mall,standable,geometry,0.69,1.69
advertising_02_1,Sign,Mall,standable,geometry,0.69,1.69
appliances_com_01_142,,,standable,geometry,0.4,0.98
appliances_com_01_143,,,standable,geometry,0.4,0.98
appliances_com_01_144,,,standable,geometry,0.17,0.42
appliances_com_01_145,,,standable,geometry,0.17,0.42
appliances_com_01_146,,,standable,geometry,0.17,0.42
appliances_com_01_147,,,standable,geometry,0.17,0.42
appliances_com_01_16,Walkie Talkie,Toys-R-Mine,standable,geometry,0.18,0.44
appliances_com_01_17,Walkie Talkie,Toys-R-Mine,standable,geometry,0.18,0.44
appliances_com_01_18,Walkie Talkie,Toys-R-Mine,standable,alias,0.18,0.44
appliances_com_01_19,Walkie Talkie,Toys-R-Mine,standable,alias,0.18,0.44
appliances_com_01_24,Walkie Talkie,ValuTech,standable,geometry,0.18,0.44
appliances_com_01_25,Walkie Talkie,ValuTech,standable,geometry,0.18,0.44
appliances_com_01_26,Walkie Talkie,ValuTech,standable,alias,0.18,0.44
appliances_com_01_27,Walkie Talkie,ValuTech,standable,alias,0.18,0.44
appliances_com_01_32,Walkie Talkie,Premium Tech.,standable,geometry,0.18,0.44
appliances_com_01_33,Walkie Talkie,Premium Tech.,standable,geometry,0.18,0.44
appliances_com_01_34,Walkie Talkie,Premium Tech.,standable,alias,0.18,0.44
appliances_com_01_35,Walkie Talkie,Premium Tech.,standable,alias,0.18,0.44
appliances_com_01_40,Walkie Talkie,Tactical,standable,geometry,0.26,0.64
appliances_com_01_41,Walkie Talkie,Tactical,standable,geometry,0.26,0.64
appliances_com_01_42,Walkie Talkie,Tactical,standable,alias,0.26,0.64
appliances_com_01_43,Walkie Talkie,Tactical,standable,alias,0.26,0.64
appliances_com_01_48,Walkie Talkie,US Army,standable,geometry,0.26,0.64
appliances_com_01_49,Walkie Talkie,US Army,standable,geometry,0.26,0.64
appliances_com_01_50,Walkie Talkie,US Army,standable,alias,0.26,0.64
appliances_com_01_51,Walkie Talkie,US Army,standable,alias,0.26,0.64
appliances_com_01_52,Terminal,CeroSec,standable,geometry,0.32,0.78
appliances_com_01_53,Terminal,CeroSec,standable,IsLow default,0.35,0.86
appliances_com_01_54,Terminal,CeroSec,standable,IsLow default,0.35,0.86
appliances_com_01_55,Terminal,CeroSec,standable,geometry,0.32,0.78
appliances_com_01_64,Walkie Talkie,Makeshift,standable,alias,0.18,0.44
appliances_com_01_65,Walkie Talkie,Makeshift,standable,alias,0.18,0.44
appliances_com_01_66,Walkie Talkie,Makeshift,standable,alias,0.18,0.44
appliances_com_01_67,Walkie Talkie,Makeshift,standable,alias,0.18,0.44
appliances_com_01_68,Microphone,Standing,standable,geometry,0.62,1.52
appliances_com_01_80,Antenna,Old TV,standable,geometry,0.55,1.35
appliances_com_01_81,Antenna,Old TV,standable,geometry,0.55,1.35
appliances_com_01_91,,,standable,geometry,0.53,1.3
appliances_cooking_01_0,Oven,Green,solid,geometry,0.38,0.93
appliances_cooking_01_1,Oven,Green,solid,geometry,0.38,0.93
appliances_cooking_01_10,Oven,Red,solid,geometry,0.38,0.93
appliances_cooking_01_11,Oven,Red,solid,geometry,0.38,0.93
appliances_cooking_01_12,Oven,Modern,solid,geometry,0.38,0.93
appliances_cooking_01_13,Oven,Modern,solid,geometry,0.38,0.93
appliances_cooking_01_14,Oven,Modern,solid,geometry,0.38,0.93
appliances_cooking_01_15,Oven,Modern,solid,geometry,0.38,0.93
appliances_cooking_01_16,Oven,Antique,solid,geometry,0.36,0.88
appliances_cooking_01_17,Oven,Antique,solid,geometry,0.36,0.88
appliances_cooking_01_18,Oven,Antique,solid,pixels,0.73,1.79
appliances_cooking_01_19,Oven,Antique,solid,pixels,0.73,1.79
appliances_cooking_01_2,Oven,Green,solid,geometry,0.38,0.93
appliances_cooking_01_20,Oven,Industrial,solid,geometry,0.38,0.93
appliances_cooking_01_21,Oven,Industrial,solid,geometry,0.38,0.93
appliances_cooking_01_22,Oven,Industrial,solid,geometry,0.38,0.93
appliances_cooking_01_23,Oven,Industrial,solid,geometry,0.38,0.93
appliances_cooking_01_24,Microwave,White,solid,geometry,0.53,1.3
appliances_cooking_01_25,Microwave,White,solid,geometry,0.53,1.3
appliances_cooking_01_26,Microwave,White,solid,geometry,0.53,1.3
appliances_cooking_01_27,Microwave,White,solid,geometry,0.53,1.3
appliances_cooking_01_28,Microwave,Chrome,solid,geometry,0.55,1.35
appliances_cooking_01_29,Microwave,Chrome,solid,geometry,0.55,1.35
appliances_cooking_01_3,Oven,Green,solid,geometry,0.38,0.93
appliances_cooking_01_30,Microwave,Chrome,solid,geometry,0.55,1.35
appliances_cooking_01_31,Microwave,Chrome,solid,geometry,0.55,1.35
appliances_cooking_01_35,Barbecue,Charcoal,solid,geometry,0.38,0.93
appliances_cooking_01_36,Barbecue,Full Jorge Foreguy,solid,geometry,0.47,1.15
appliances_cooking_01_37,Barbecue,Full Jorge Foreguy,solid,pixels,0.41,1.0
appliances_cooking_01_38,Barbecue,Full Jorge Foreguy,solid,pixels,0.39,0.96
appliances_cooking_01_39,Barbecue,Full Jorge Foreguy,solid,geometry,0.47,1.15
appliances_cooking_01_4,Oven,Grey,solid,geometry,0.37,0.91
appliances_cooking_01_40,Oven,Large Modern,solid,geometry,0.6,1.47
appliances_cooking_01_41,Oven,Large Modern,solid,geometry,0.6,1.47
appliances_cooking_01_42,Oven,Large Modern,solid,geometry,0.6,1.47
appliances_cooking_01_43,Oven,Large Modern,solid,geometry,0.6,1.47
appliances_cooking_01_44,Barbecue,Jorge Foreguy,solid,geometry,0.47,1.15
appliances_cooking_01_45,Barbecue,Jorge Foreguy,solid,pixels,0.41,1.0
appliances_cooking_01_46,Barbecue,Jorge Foreguy,solid,pixels,0.39,0.96
appliances_cooking_01_47,Barbecue,Jorge Foreguy,solid,geometry,0.47,1.15
appliances_cooking_01_48,Oven,Large Modern,solid,geometry,0.6,1.47
appliances_cooking_01_49,Oven,Large Modern,solid,geometry,0.6,1.47
appliances_cooking_01_5,Oven,Grey,solid,geometry,0.37,0.91
appliances_cooking_01_50,Oven,Large Modern,solid,geometry,0.6,1.47
appliances_cooking_01_51,Oven,Large Modern,solid,geometry,0.6,1.47
appliances_cooking_01_52,Industrial 2000,Fryers Club,solid,geometry,0.37,0.91
appliances_cooking_01_53,Industrial 2000,Fryers Club,solid,geometry,0.37,0.91
appliances_cooking_01_54,Industrial 2000,Fryers Club,solid,geometry,0.37,0.91
appliances_cooking_01_55,Industrial 2000,Fryers Club,solid,geometry,0.38,0.93
appliances_cooking_01_6,Oven,Grey,solid,geometry,0.36,0.88
appliances_cooking_01_60,Deluxe,Espresso,solid,geometry,0.64,1.57
appliances_cooking_01_61,Deluxe,Espresso,solid,geometry,0.64,1.57
appliances_cooking_01_62,Deluxe,Espresso,solid,pixels,0.27,0.66
appliances_cooking_01_63,Deluxe,Espresso,solid,pixels,0.71,1.74
appliances_cooking_01_64,Industrial,Bake-O-Matic,solid,geometry,0.35,0.86
appliances_cooking_01_65,Industrial,Bake-O-Matic,solid,geometry,0.35,0.86
appliances_cooking_01_7,Oven,Grey,solid,geometry,0.36,0.88
appliances_cooking_01_72,Dishwasher,Brown,solid,geometry,0.3,0.73
appliances_cooking_01_73,Dishwasher,Brown,solid,geometry,0.3,0.73
appliances_cooking_01_74,Dishwasher,Brown,solid,geometry,0.3,0.73
appliances_cooking_01_75,Dishwasher,Brown,solid,geometry,0.3,0.73
appliances_cooking_01_76,Dishwasher,Metal,solid,geometry,0.3,0.73
appliances_cooking_01_77,Dishwasher,Metal,solid,geometry,0.3,0.73
appliances_cooking_01_78,Dishwasher,Metal,solid,geometry,0.33,0.81
appliances_cooking_01_79,Dishwasher,Metal,solid,geometry,0.34,0.83
appliances_cooking_01_8,Oven,Red,solid,geometry,0.37,0.91
appliances_cooking_01_9,Oven,Red,solid,geometry,0.37,0.91
appliances_laundry_01_0,Combo Washer Dryer,Blue,solid,geometry,0.39,0.96
appliances_laundry_01_1,Combo Washer Dryer,Blue,solid,geometry,0.39,0.96
appliances_laundry_01_12,Clothing Dryer,White,solid,alias,0.37,0.91
appliances_laundry_01_13,Clothing Dryer,White,solid,alias,0.37,0.91
appliances_laundry_01_14,Clothing Dryer,White,solid,alias,0.37,0.91
appliances_laundry_01_15,Clothing Dryer,White,solid,alias,0.37,0.91
appliances_laundry_01_2,Combo Washer Dryer,Blue,solid,geometry,0.39,0.96
appliances_laundry_01_24,Bin,Washing,solid,geometry,0.33,0.81
appliances_laundry_01_25,Bin,Washing,solid,geometry,0.33,0.81
appliances_laundry_01_3,Combo Washer Dryer,Blue,solid,geometry,0.39,0.96
appliances_laundry_01_4,Washing Machine,White,solid,geometry,0.37,0.91
appliances_laundry_01_5,Washing Machine,White,solid,geometry,0.37,0.91
appliances_laundry_01_6,Washing Machine,White,solid,geometry,0.37,0.91
appliances_laundry_01_7,Washing Machine,White,solid,geometry,0.37,0.91
appliances_misc_01_0,Generator,Red,standable,geometry,0.22,0.54
appliances_misc_01_1,Generator,Red,standable,geometry,0.22,0.54
appliances_misc_01_10,Generator,Yellow,standable,alias,0.22,0.54
appliances_misc_01_11,Generator,Yellow,standable,alias,0.22,0.54
appliances_misc_01_12,Generator,Blue,standable,geometry,0.16,0.39
appliances_misc_01_14,Generator,Blue,standable,geometry,0.16,0.39
appliances_misc_01_2,Generator,Red,standable,geometry,0.22,0.54
appliances_misc_01_3,Generator,Red,standable,geometry,0.22,0.54
appliances_misc_01_4,Generator,Old,standable,geometry,0.27,0.66
appliances_misc_01_5,Generator,Old,standable,geometry,0.27,0.66
appliances_misc_01_6,Generator,Old,standable,geometry,0.27,0.66
appliances_misc_01_7,Generator,Old,standable,geometry,0.27,0.66
appliances_misc_01_8,Generator,Yellow,standable,alias,0.22,0.54
appliances_misc_01_9,Generator,Yellow,standable,alias,0.22,0.54
appliances_refrigeration_01_0,Fridge,White,solid,geometry,0.63,1.54
appliances_refrigeration_01_1,Fridge,White,solid,geometry,0.65,1.59
appliances_refrigeration_01_10,Fridge,Steel,solid,geometry,0.69,1.69
appliances_refrigeration_01_11,Fridge,Steel,solid,geometry,0.69,1.69
appliances_refrigeration_01_12,Fridge,Green,solid,alias,0.63,1.54
appliances_refrigeration_01_13,Fridge,Green,solid,alias,0.65,1.59
appliances_refrigeration_01_14,Fridge,Green,solid,alias,0.64,1.57
appliances_refrigeration_01_15,Fridge,Green,solid,alias,0.64,1.57
appliances_refrigeration_01_16,Fridge,Large,solid,geometry,0.81,1.98
appliances_refrigeration_01_17,Fridge,Large,solid,geometry,0.81,1.98
appliances_refrigeration_01_18,Fridge,Large,solid,geometry,0.81,1.98
appliances_refrigeration_01_19,Fridge,Large,solid,geometry,0.81,1.98
appliances_refrigeration_01_2,Fridge,White,solid,geometry,0.64,1.57
appliances_refrigeration_01_20,Freezer,Popsicle,solid,geometry,0.32,0.78
appliances_refrigeration_01_21,Freezer,Popsicle,solid,geometry,0.32,0.78
appliances_refrigeration_01_22,Fridge,Industrial,solid,geometry,0.66,1.62
appliances_refrigeration_01_23,Fridge,Industrial,solid,geometry,0.66,1.62
appliances_refrigeration_01_24,Fridge,Mini,solid,geometry,0.34,0.83
appliances_refrigeration_01_25,Fridge,Mini,solid,geometry,0.34,0.83
appliances_refrigeration_01_26,Fridge,Mini,solid,geometry,0.34,0.83
appliances_refrigeration_01_27,Fridge,Mini,solid,geometry,0.34,0.83
appliances_refrigeration_01_28,Fridge,Plain,solid,alias,0.65,1.59
appliances_refrigeration_01_29,Fridge,Plain,solid,alias,0.65,1.59
appliances_refrigeration_01_3,Fridge,White,solid,geometry,0.64,1.57
appliances_refrigeration_01_30,Fridge,Plain,solid,alias,0.65,1.59
appliances_refrigeration_01_31,Fridge,Plain,solid,alias,0.65,1.59
appliances_refrigeration_01_32,Fridge,Red,solid,alias,0.63,1.54
appliances_refrigeration_01_33,Fridge,Red,solid,alias,0.65,1.59
appliances_refrigeration_01_34,Fridge,Red,solid,alias,0.64,1.57
appliances_refrigeration_01_35,Fridge,Red,solid,alias,0.64,1.57
appliances_refrigeration_01_36,Fridge,Industrial,solid,geometry,0.66,1.62
appliances_refrigeration_01_37,Fridge,Industrial,solid,geometry,0.66,1.62
appliances_refrigeration_01_38,Freezer,Popsicle,solid,geometry,0.32,0.78
appliances_refrigeration_01_39,Freezer,Popsicle,solid,geometry,0.32,0.78
appliances_refrigeration_01_4,Fridge,Blue,solid,geometry,0.65,1.59
appliances_refrigeration_01_40,Fridge,White Industrial,solid,geometry,0.65,1.59
appliances_refrigeration_01_41,Fridge,White Industrial,solid,geometry,0.65,1.59
appliances_refrigeration_01_42,Fridge,White Industrial,solid,geometry,0.65,1.59
appliances_refrigeration_01_43,Fridge,White Industrial,solid,geometry,0.65,1.59
appliances_refrigeration_01_44,Fridge,Large,solid,geometry,0.81,1.98
appliances_refrigeration_01_45,Fridge,Large,solid,geometry,0.81,1.98
appliances_refrigeration_01_46,Fridge,Large,solid,geometry,0.81,1.98
appliances_refrigeration_01_47,Fridge,Large,solid,geometry,0.81,1.98
appliances_refrigeration_01_48,Freezer,Chest,solid,geometry,0.33,0.81
appliances_refrigeration_01_49,Freezer,Chest,solid,geometry,0.33,0.81
appliances_refrigeration_01_5,Fridge,Blue,solid,geometry,0.65,1.59
appliances_refrigeration_01_50,Freezer,Chest,solid,geometry,0.34,0.83
appliances_refrigeration_01_51,Freezer,Chest,solid,geometry,0.34,0.83
appliances_refrigeration_01_6,Fridge,Blue,solid,geometry,0.65,1.59
appliances_refrigeration_01_7,Fridge,Blue,solid,geometry,0.65,1.59
appliances_refrigeration_01_8,Fridge,Steel,solid,geometry,0.69,1.69
appliances_refrigeration_01_9,Fridge,Steel,solid,geometry,0.69,1.69
appliances_television_01_0,Television,Premium Technologies,solid,geometry,0.47,1.15
appliances_television_01_1,Television,Premium Technologies,solid,geometry,0.47,1.15
appliances_television_01_10,Television,Antique,solid,geometry,0.3,0.73
appliances_television_01_11,Television,Antique,solid,geometry,0.31,0.76
appliances_television_01_2,Television,Premium Technologies,solid,pixels,0.25,0.61
appliances_television_01_3,Television,Premium Technologies,solid,geometry,0.47,1.15
appliances_television_01_4,Television,ValuTech,solid,geometry,0.42,1.03
appliances_television_01_5,Television,ValuTech,solid,geometry,0.42,1.03
appliances_television_01_6,Television,ValuTech,solid,geometry,0.42,1.03
appliances_television_01_7,Television,ValuTech,solid,geometry,0.42,1.03
appliances_television_01_8,Television,Antique,solid,geometry,0.3,0.73
appliances_television_01_9,Television,Antique,solid,geometry,0.31,0.76
boulders_0,,,solid,geometry,0.16,0.39
boulders_1,,,solid,alias,0.16,0.39
boulders_10,LargeStone,,standable,alias,0.16,0.39
boulders_11,LargeStone,,standable,alias,0.16,0.39
boulders_12,Stone2,,standable,alias,0.16,0.39
boulders_13,LargeStone,,standable,alias,0.16,0.39
boulders_14,LargeStone,,standable,alias,0.16,0.39
boulders_15,Stone2,,standable,alias,0.16,0.39
boulders_16,Boulder,Large[1],solid,geometry,0.41,1.0
boulders_17,Boulder,Large[1],solid,alias,0.41,1.0
boulders_18,Boulder,Large[1],solid,alias,0.41,1.0
boulders_19,Boulder,Large[1],solid,alias,0.41,1.0
boulders_2,,,solid,alias,0.16,0.39
boulders_20,Boulder,large[2],solid,alias,0.41,1.0
boulders_21,Boulder,large[2],solid,alias,0.41,1.0
boulders_22,Boulder,large[2],solid,alias,0.41,1.0
boulders_23,Boulder,large[2],solid,alias,0.41,1.0
boulders_24,Boulder,large[3],solid,alias,0.41,1.0
boulders_25,Boulder,large[3],solid,alias,0.41,1.0
boulders_26,Boulder,large[3],solid,alias,0.41,1.0
boulders_27,Boulder,large[3],solid,alias,0.41,1.0
boulders_28,Boulder,large[4],solid,alias,0.41,1.0
boulders_29,Boulder,large[4],solid,alias,0.41,1.0
boulders_3,,,solid,alias,0.16,0.39
boulders_30,Boulder,large[4],solid,alias,0.41,1.0
boulders_31,Boulder,large[4],solid,alias,0.41,1.0
boulders_32,Boulder,Medium[1],solid,alias,0.41,1.0
boulders_33,Boulder,Medium[1],solid,alias,0.41,1.0
boulders_34,Boulder,Medium[2],solid,alias,0.41,1.0
boulders_35,Boulder,Medium[2],solid,alias,0.41,1.0
boulders_4,,,solid,alias,0.16,0.39
boulders_40,,,standable,alias,0.16,0.39
boulders_41,,,standable,alias,0.16,0.39
boulders_42,,,standable,alias,0.16,0.39
boulders_43,,,standable,alias,0.16,0.39
boulders_44,,,standable,alias,0.16,0.39
boulders_45,,,standable,alias,0.16,0.39
boulders_46,,,standable,alias,0.16,0.39
boulders_47,,,standable,alias,0.16,0.39
boulders_48,Stone2,,standable,alias,0.16,0.39
boulders_49,LargeStone,,standable,alias,0.16,0.39
boulders_5,,,solid,alias,0.16,0.39
boulders_50,Stone2,,standable,alias,0.16,0.39
boulders_51,Stone2,,standable,alias,0.16,0.39
boulders_52,LargeStone,,standable,alias,0.16,0.39
boulders_53,Stone2,,standable,alias,0.16,0.39
boulders_54,Stone2,,standable,alias,0.16,0.39
boulders_55,Stone2,,standable,alias,0.16,0.39
boulders_56,,,standable,alias,0.16,0.39
boulders_57,,,standable,alias,0.16,0.39
boulders_58,,,standable,alias,0.16,0.39
boulders_59,,,standable,alias,0.16,0.39
boulders_6,,,solid,alias,0.16,0.39
boulders_60,,,standable,alias,0.16,0.39
boulders_61,,,standable,alias,0.16,0.39
boulders_62,,,standable,alias,0.16,0.39
boulders_63,,,standable,alias,0.16,0.39
boulders_7,,,solid,alias,0.16,0.39
boulders_8,LargeStone,,standable,geometry,0.16,0.39
boulders_9,Stone2,,standable,alias,0.16,0.39
camping_01_0,Tent,Small,solid,pixels,0.42,1.03
camping_01_1,Tent,Small,solid,pixels,0.42,1.03
camping_01_10,Table,Picknic,solid,geometry,0.37,0.91
camping_01_11,Table,Picknic,solid,geometry,0.37,0.91
camping_01_12,Table,Picknic,solid,geometry,0.37,0.91
camping_01_13,Table,Picknic,solid,geometry,0.37,0.91
camping_01_14,Table,Picknic,solid,geometry,0.37,0.91
camping_01_15,Table,Picknic,solid,geometry,0.37,0.91
camping_01_16,,,solid,geometry,0.29,0.71
camping_01_19,Composter,,solid,geometry,0.23,0.56
camping_01_2,Tent,Small,solid,pixels,0.42,1.03
camping_01_20,Composter,,solid,geometry,0.23,0.56
camping_01_24,Stack,6 Log,solid,geometry,0.16,0.39
camping_01_25,Stack,6 Log,solid,geometry,0.16,0.39
camping_01_26,Stack,6 Log,solid,geometry,0.35,0.86
camping_01_27,Stack,6 Log,solid,geometry,0.35,0.86
camping_01_28,Stack,5 Log,solid,alias,0.16,0.39
camping_01_29,Stack,5 Log,solid,alias,0.16,0.39
camping_01_3,Tent,Small,solid,pixels,0.4,0.98
camping_01_30,Stack,5 Log,solid,alias,0.35,0.86
camping_01_31,Stack,5 Log,solid,alias,0.35,0.86
camping_01_32,Stack,5 Log,solid,geometry,0.37,0.91
camping_01_33,Stack,5 Log,solid,geometry,0.37,0.91
camping_01_34,Stack,5 Log,solid,geometry,0.2,0.49
camping_01_35,Stack,5 Log,solid,geometry,0.2,0.49
camping_01_36,Stack,6 Log,solid,alias,0.37,0.91
camping_01_37,Stack,6 Log,solid,alias,0.37,0.91
camping_01_38,Stack,6 Log,solid,alias,0.2,0.49
camping_01_39,Stack,6 Log,solid,alias,0.2,0.49
camping_01_40,Stack,5 Log,solid,geometry,0.57,1.4
camping_01_41,Stack,5 Log,solid,geometry,0.57,1.4
camping_01_42,Stack,5 Log,solid,geometry,0.57,1.4
camping_01_43,Stack,5 Log,solid,geometry,0.57,1.4
camping_01_48,Stack,Large Log,solid,geometry,0.76,1.86
camping_01_49,Stack,Large Log,solid,geometry,0.76,1.86
camping_01_50,Stack,Large Log,solid,geometry,0.76,1.86
camping_01_51,Stack,Large Log,solid,geometry,0.76,1.86
camping_01_52,Stack,Large Log,solid,geometry,0.76,1.86
camping_01_53,Stack,Large Log,solid,geometry,0.76,1.86
camping_01_56,Stack,Large Log,solid,geometry,0.76,1.86
camping_01_57,Stack,Large Log,solid,geometry,0.76,1.86
camping_01_58,Stack,Large Log,solid,geometry,0.76,1.86
camping_01_59,Stack,Large Log,solid,geometry,0.76,1.86
camping_01_60,Stack,Large Log,solid,geometry,0.76,1.86
camping_01_61,Stack,Large Log,solid,geometry,0.86,2.11
camping_01_64,,,solid,geometry,0.41,1.0
camping_01_65,,,solid,geometry,0.41,1.0
camping_01_66,,,solid,geometry,0.41,1.0
camping_01_67,,,solid,geometry,0.41,1.0
camping_01_8,Table,Picknic,solid,geometry,0.37,0.91
camping_01_9,Table,Picknic,solid,geometry,0.37,0.91
camping_03_0,Shelter,Lean-To,solid,geometry,0.57,1.4
camping_03_1,Shelter,Lean-To,solid,geometry,0.57,1.4
camping_03_10,Shelter,Tarp,solid,geometry,0.59,1.45
camping_03_11,Shelter,Tarp,solid,geometry,0.59,1.45
camping_03_12,Shelter,Tarp,solid,geometry,0.61,1.49
camping_03_13,Shelter,Tarp,solid,geometry,0.61,1.49
camping_03_14,Shelter,Tarp,solid,geometry,0.55,1.35
camping_03_15,Shelter,Tarp,solid,geometry,0.55,1.35
camping_03_16,Cooking Pit,Simple,solid,geometry,0.12,0.29
camping_03_17,Cooking Pit,Simple,solid,alias,0.12,0.29
camping_03_18,Cooking Pit,Simple,solid,alias,0.12,0.29
camping_03_19,Cooking Pit,,solid,geometry,0.2,0.49
camping_03_2,Shelter,Lean-To,solid,pixels,0.46,1.13
camping_03_20,Cooking Pit,,solid,alias,0.2,0.49
camping_03_21,Cooking Pit,,solid,alias,0.2,0.49
camping_03_26,Tent,Improvised,solid,geometry,0.51,1.25
camping_03_27,Tent,Improvised,solid,geometry,0.51,1.25
camping_03_3,Shelter,Lean-To,solid,pixels,0.43,1.05
camping_03_4,Shelter,Lean-To,solid,pixels,0.43,1.05
camping_03_40,Shelter,Hide,solid,geometry,0.6,1.47
camping_03_41,Shelter,Hide,solid,geometry,0.6,1.47
camping_03_42,Shelter,Hide,solid,pixels,0.55,1.35
camping_03_43,Shelter,Hide,solid,pixels,0.66,1.62
camping_03_44,Shelter,Hide,solid,pixels,0.51,1.25
camping_03_45,Shelter,Hide,solid,pixels,0.39,0.96
camping_03_46,Shelter,Hide,solid,pixels,0.36,0.88
camping_03_47,Shelter,Hide,solid,pixels,0.51,1.25
camping_03_5,Shelter,Lean-To,solid,pixels,0.47,1.15
camping_03_7,Shelter,Lean-To,solid,pixels,0.68,1.67
camping_03_8,Shelter,Tarp,solid,geometry,0.57,1.4
camping_03_9,Shelter,Tarp,solid,geometry,0.57,1.4
camping_04_1,Tent,Yellow,solid,sibling pixels,0.53,1.29
camping_04_10,Tent,Yellow,solid,sibling pixels,0.53,1.29
camping_04_101,Tent,Green,solid,pixels,0.54,1.32
camping_04_102,Tent,Green,solid,pixels,0.54,1.32
camping_04_103,Tent,Green,solid,pixels,0.4,0.98
camping_04_105,Tent,Green,solid,sibling pixels,0.54,1.31
camping_04_106,Tent,Green,solid,sibling pixels,0.54,1.31
camping_04_107,Tent,Green,solid,sibling pixels,0.54,1.31
camping_04_109,Tent,Green,solid,pixels,0.54,1.32
camping_04_110,Tent,Green,solid,pixels,0.54,1.32
camping_04_111,Tent,Green,solid,pixels,0.4,0.98
camping_04_112,Tent,Green,solid,sibling pixels,0.54,1.31
camping_04_113,Tent,Green,solid,sibling pixels,0.54,1.31
camping_04_114,Tent,Green,solid,sibling pixels,0.54,1.31
camping_04_116,Tent,Green,solid,pixels,0.39,0.96
camping_04_117,Tent,Green,solid,pixels,0.54,1.32
camping_04_118,Tent,Green,solid,pixels,0.54,1.32
camping_04_12,Tent,Yellow,solid,pixels,0.32,0.78
camping_04_121,Tent,Green,solid,sibling pixels,0.54,1.31
camping_04_122,Tent,Green,solid,sibling pixels,0.54,1.31
camping_04_123,Tent,Green,solid,pixels,0.4,0.98
camping_04_125,Tent,Green,solid,pixels,0.54,1.32
camping_04_126,Tent,Green,solid,pixels,0.54,1.32
camping_04_127,Tent,Green,solid,pixels,0.36,0.88
camping_04_13,Tent,Yellow,solid,pixels,0.53,1.3
camping_04_14,Tent,Yellow,solid,pixels,0.53,1.3
camping_04_16,Tent,Yellow,solid,sibling pixels,0.52,1.28
camping_04_17,Tent,Yellow,solid,sibling pixels,0.52,1.28
camping_04_18,Tent,Yellow,solid,sibling pixels,0.52,1.28
camping_04_2,Tent,Yellow,solid,sibling pixels,0.53,1.29
camping_04_20,Tent,Yellow,solid,pixels,0.39,0.96
camping_04_21,Tent,Yellow,solid,pixels,0.52,1.27
camping_04_22,Tent,Yellow,solid,pixels,0.52,1.27
camping_04_25,Tent,Yellow,solid,sibling pixels,0.52,1.28
camping_04_26,Tent,Yellow,solid,sibling pixels,0.52,1.28
camping_04_27,Tent,Yellow,solid,pixels,0.4,0.98
camping_04_29,Tent,Yellow,solid,pixels,0.52,1.27
camping_04_3,Tent,Yellow,solid,sibling pixels,0.53,1.29
camping_04_30,Tent,Yellow,solid,pixels,0.52,1.27
camping_04_31,Tent,Yellow,solid,pixels,0.32,0.78
camping_04_33,Tent,Blue,solid,sibling pixels,0.53,1.29
camping_04_34,Tent,Blue,solid,sibling pixels,0.53,1.29
camping_04_35,Tent,Blue,solid,sibling pixels,0.53,1.29
camping_04_37,Tent,Blue,solid,pixels,0.53,1.3
camping_04_38,Tent,Blue,solid,pixels,0.53,1.3
camping_04_39,Tent,Blue,solid,pixels,0.4,0.98
camping_04_40,Tent,Blue,solid,pixels,0.39,0.96
camping_04_41,Tent,Blue,solid,sibling pixels,0.53,1.29
camping_04_42,Tent,Blue,solid,sibling pixels,0.53,1.29
camping_04_44,Tent,Blue,solid,pixels,0.35,0.86
camping_04_45,Tent,Blue,solid,pixels,0.53,1.3
camping_04_46,Tent,Blue,solid,pixels,0.53,1.3
camping_04_48,Tent,Blue,solid,sibling pixels,0.53,1.29
camping_04_49,Tent,Blue,solid,sibling pixels,0.53,1.29
camping_04_5,Tent,Yellow,solid,pixels,0.53,1.3
camping_04_50,Tent,Blue,solid,sibling pixels,0.53,1.29
camping_04_52,Tent,Blue,solid,pixels,0.39,0.96
camping_04_53,Tent,Blue,solid,pixels,0.53,1.3
camping_04_54,Tent,Blue,solid,pixels,0.53,1.3
camping_04_57,Tent,Blue,solid,sibling pixels,0.53,1.29
camping_04_58,Tent,Blue,solid,sibling pixels,0.53,1.29
camping_04_59,Tent,Blue,solid,pixels,0.4,0.98
camping_04_6,Tent,Yellow,solid,pixels,0.53,1.3
camping_04_61,Tent,Blue,solid,pixels,0.53,1.3
camping_04_62,Tent,Blue,solid,pixels,0.53,1.3
camping_04_63,Tent,Blue,solid,pixels,0.35,0.86
camping_04_65,Tent,Brown,solid,sibling pixels,0.54,1.31
camping_04_66,Tent,Brown,solid,sibling pixels,0.54,1.31
camping_04_67,Tent,Brown,solid,sibling pixels,0.54,1.31
camping_04_69,Tent,Brown,solid,pixels,0.54,1.32
camping_04_7,Tent,Yellow,solid,pixels,0.4,0.98
camping_04_70,Tent,Brown,solid,pixels,0.54,1.32
camping_04_71,Tent,Brown,solid,pixels,0.4,0.98
camping_04_72,Tent,Brown,solid,pixels,0.39,0.96
camping_04_73,Tent,Brown,solid,sibling pixels,0.54,1.31
camping_04_74,Tent,Brown,solid,sibling pixels,0.54,1.31
camping_04_76,Tent,Brown,solid,pixels,0.36,0.88
camping_04_77,Tent,Brown,solid,pixels,0.54,1.32
camping_04_78,Tent,Brown,solid,pixels,0.54,1.32
camping_04_8,Tent,Yellow,solid,pixels,0.39,0.96
camping_04_80,Tent,Brown,solid,sibling pixels,0.54,1.31
camping_04_81,Tent,Brown,solid,sibling pixels,0.54,1.31
camping_04_82,Tent,Brown,solid,sibling pixels,0.54,1.31
camping_04_84,Tent,Brown,solid,pixels,0.39,0.96
camping_04_85,Tent,Brown,solid,pixels,0.54,1.32
camping_04_86,Tent,Brown,solid,pixels,0.54,1.32
camping_04_89,Tent,Brown,solid,sibling pixels,0.54,1.31
camping_04_9,Tent,Yellow,solid,sibling pixels,0.53,1.29
camping_04_90,Tent,Brown,solid,sibling pixels,0.54,1.31
camping_04_91,Tent,Brown,solid,pixels,0.4,0.98
camping_04_93,Tent,Brown,solid,pixels,0.54,1.32
camping_04_94,Tent,Brown,solid,pixels,0.54,1.32
camping_04_95,Tent,Brown,solid,pixels,0.36,0.88
camping_04_97,Tent,Green,solid,sibling pixels,0.54,1.31
camping_04_98,Tent,Green,solid,sibling pixels,0.54,1.31
camping_04_99,Tent,Green,solid,sibling pixels,0.54,1.31
carpentry_01_16,Crate,,solid,geometry,0.33,0.81
carpentry_01_17,,,solid,pixels,0.39,0.96
carpentry_01_18,,,solid,pixels,0.41,1.0
carpentry_01_19,Crate,,solid,geometry,0.33,0.81
carpentry_01_20,,,solid,pixels,0.38,0.93
carpentry_01_21,,,solid,pixels,0.39,0.96
carpentry_01_24,Table,Shoddy Large,solid,alias,0.35,0.86
carpentry_01_25,Table,Shoddy Large,solid,alias,0.35,0.86
carpentry_01_26,Table,Shoddy Large,solid,alias,0.35,0.86
carpentry_01_27,Table,Shoddy Large,solid,alias,0.35,0.86
carpentry_01_28,Table,Mediocre Large,solid,alias,0.35,0.86
carpentry_01_29,Table,Mediocre Large,solid,alias,0.35,0.86
carpentry_01_30,Table,Mediocre Large,solid,alias,0.35,0.86
carpentry_01_31,Table,Mediocre Large,solid,alias,0.35,0.86
carpentry_01_32,Table,Exceptional Large,solid,geometry,0.35,0.86
carpentry_01_33,Table,Exceptional Large,solid,geometry,0.35,0.86
carpentry_01_34,Table,Exceptional Large,solid,geometry,0.35,0.86
carpentry_01_35,Table,Exceptional Large,solid,geometry,0.35,0.86
carpentry_01_36,Chair,Makeshift,solid,geometry,0.13,0.32
carpentry_01_37,Chair,Makeshift,solid,pixels,0.16,0.39
carpentry_01_38,Chair,Makeshift,solid,pixels,0.24,0.59
carpentry_01_39,Chair,Makeshift,solid,geometry,0.13,0.32
carpentry_01_40,Chair,Poor quality,solid,geometry,0.17,0.42
carpentry_01_41,Chair,Poor quality,solid,pixels,0.31,0.76
carpentry_01_42,Chair,Poor quality,solid,pixels,0.24,0.59
carpentry_01_43,Chair,Poor quality,solid,geometry,0.16,0.39
carpentry_01_44,Chair,Exceptionally crafted,solid,geometry,0.16,0.39
carpentry_01_45,Chair,Exceptionally crafted,solid,pixels,0.31,0.76
carpentry_01_46,Chair,Exceptionally crafted,solid,pixels,0.24,0.59
carpentry_01_47,Chair,Exceptionally crafted,solid,geometry,0.16,0.39
carpentry_01_50,,,standable,alias,0.8,1.96
carpentry_01_51,,,standable,alias,0.8,1.96
carpentry_01_54,,,standable,alias,0.8,1.96
carpentry_01_55,,,standable,alias,0.8,1.96
carpentry_01_58,,,standable,alias,0.8,1.96
carpentry_01_59,,,standable,alias,0.8,1.96
carpentry_01_60,Shoddy Table,,solid,geometry,0.33,0.81
carpentry_01_61,Poor Quality Table,,solid,geometry,0.33,0.81
carpentry_01_62,Exceptional Table,,solid,geometry,0.34,0.83
carpentry_02_0,Table,Shoddy,solid,geometry,0.23,0.56
carpentry_02_1,Table,Shoddy,solid,geometry,0.23,0.56
carpentry_02_10,Table,Quality,solid,geometry,0.23,0.56
carpentry_02_104,Crate,,solid,alias,0.33,0.81
carpentry_02_105,,,solid,pixels,0.39,0.96
carpentry_02_106,,,solid,pixels,0.4,0.98
carpentry_02_11,Table,Quality,solid,geometry,0.23,0.56
carpentry_02_116,Composter,,solid,geometry,0.24,0.59
carpentry_02_117,Composter,,solid,geometry,0.2,0.49
carpentry_02_119,,,standable,alias,0.2,0.49
carpentry_02_120,Rain Collector Barrel,,solid,geometry,0.26,0.64
carpentry_02_121,Rain Collector Barrel,,solid,alias,0.26,0.64
carpentry_02_122,Rain Collector Barrel,,solid,geometry,0.33,0.81
carpentry_02_123,Rain Collector Barrel,,solid,alias,0.33,0.81
carpentry_02_124,Rain Collector Barrel,,solid,alias,0.33,0.81
carpentry_02_125,Rain Collector Barrel,,solid,alias,0.33,0.81
carpentry_02_126,Rain Collector Barrel,,solid,alias,0.33,0.81
carpentry_02_127,Rain Collector Barrel,,solid,alias,0.33,0.81
carpentry_02_16,Counter,Quality Crafted Corner,solid,geometry,0.36,0.88
carpentry_02_17,Counter,Quality Crafted,solid,geometry,0.36,0.88
carpentry_02_18,Counter,Quality Crafted Corner,solid,geometry,0.36,0.88
carpentry_02_19,Counter,Quality Crafted,solid,geometry,0.36,0.88
carpentry_02_2,Table,Shoddy,solid,alias,0.23,0.56
carpentry_02_20,Counter,Quality Crafted Corner,solid,geometry,0.36,0.88
carpentry_02_21,Counter,Quality Crafted,solid,geometry,0.36,0.88
carpentry_02_22,Counter,Quality Crafted Corner,solid,geometry,0.36,0.88
carpentry_02_23,Counter,Quality Crafted,solid,geometry,0.36,0.88
carpentry_02_24,Counter,Crafter Corner,solid,alias,0.36,0.88
carpentry_02_25,Counter,Crafted,solid,alias,0.36,0.88
carpentry_02_26,Counter,Crafter Corner,solid,alias,0.36,0.88
carpentry_02_27,Counter,Crafted,solid,alias,0.36,0.88
carpentry_02_28,Counter,Crafter Corner,solid,alias,0.36,0.88
carpentry_02_29,Counter,Crafted,solid,alias,0.36,0.88
carpentry_02_3,Table,Shoddy,solid,alias,0.23,0.56
carpentry_02_30,Counter,Crafter Corner,solid,alias,0.36,0.88
carpentry_02_31,Counter,Crafted,solid,alias,0.36,0.88
carpentry_02_32,Counter,Poorly Crafted Corner,solid,alias,0.36,0.88
carpentry_02_33,Counter,Poorly Crafted,solid,alias,0.36,0.88
carpentry_02_34,Counter,Poorly Crafted Corner,solid,alias,0.36,0.88
carpentry_02_35,Counter,Poorly Crafted,solid,alias,0.36,0.88
carpentry_02_36,Counter,Poorly Crafted Corner,solid,alias,0.36,0.88
carpentry_02_37,Counter,Poorly Crafted,solid,alias,0.36,0.88
carpentry_02_38,Counter,Poorly Crafted Corner,solid,alias,0.36,0.88
carpentry_02_39,Counter,Poorly Crafted,solid,alias,0.36,0.88
carpentry_02_4,Table,Medium,solid,alias,0.23,0.56
carpentry_02_5,Table,Medium,solid,alias,0.23,0.56
carpentry_02_52,Rain Collector Barrel,,solid,geometry,0.34,0.83
carpentry_02_53,Rain Collector Barrel,,solid,alias,0.34,0.83
carpentry_02_54,Rain Collector Barrel,,solid,geometry,0.25,0.61
carpentry_02_55,Rain Collector Barrel,,solid,alias,0.25,0.61
carpentry_02_6,Table,Medium,solid,alias,0.23,0.56
carpentry_02_64,Shelves,Crafted Wooden,solid,alias,0.84,2.06
carpentry_02_65,Shelves,Crafted Wooden,solid,alias,0.84,2.06
carpentry_02_66,Shelves,Crafted Wooden,solid,alias,0.84,2.06
carpentry_02_67,Shelves,Crafted Wooden,solid,alias,0.84,2.06
carpentry_02_7,Table,Medium,solid,alias,0.23,0.56
carpentry_02_72,Bed,Crafted,solid,geometry,0.22,0.54
carpentry_02_73,Bed,Crafted,solid,geometry,0.22,0.54
carpentry_02_74,Bed,Crafted,solid,geometry,0.22,0.54
carpentry_02_75,Bed,Crafted,solid,geometry,0.22,0.54
carpentry_02_76,Mattress,Makeshift,standable,IsLow default,0.35,0.86
carpentry_02_77,Mattress,Makeshift,standable,IsLow default,0.35,0.86
carpentry_02_78,Mattress,Makeshift,standable,IsLow default,0.35,0.86
carpentry_02_79,Mattress,Makeshift,standable,IsLow default,0.35,0.86
carpentry_02_8,Table,Quality,solid,geometry,0.23,0.56
carpentry_02_9,Table,Quality,solid,geometry,0.23,0.56
carpentry_03_64,,,standable,geometry,0.33,0.81
carpentry_03_65,,,standable,geometry,0.67,1.64
carpentry_03_76,,,standable,geometry,0.68,1.67
carpentry_03_77,,,standable,geometry,0.34,0.83
carpentry_03_80,,,standable,geometry,0.17,0.42
carpentry_03_81,,,standable,geometry,0.24,0.59
carpentry_03_85,,,standable,geometry,0.22,0.54
carpentry_03_86,,,standable,geometry,0.34,0.83
carpentry_03_87,,,standable,geometry,0.26,0.64
carpentry_03_88,,,standable,geometry,0.35,0.86
carpentry_03_89,,,standable,geometry,0.68,1.67
carpentry_03_90,,,standable,geometry,0.52,1.27
carpentry_03_91,,,standable,geometry,0.52,1.27
carpentry_03_92,,,standable,geometry,0.52,1.27
carpentry_03_93,,,standable,geometry,0.52,1.27
constructedobjects_01_1,Candle,,standable,geometry,0.17,0.42
constructedobjects_01_10,,,solid,geometry,0.15,0.37
constructedobjects_01_11,,,solid,geometry,0.15,0.37
constructedobjects_01_12,,,standable,IsLow default,0.35,0.86
constructedobjects_01_14,,,standable,IsLow default,0.35,0.86
constructedobjects_01_15,,,standable,IsLow default,0.35,0.86
constructedobjects_01_16,,,standable,geometry,0.59,1.45
constructedobjects_01_17,,,standable,geometry,0.57,1.4
constructedobjects_01_18,,,standable,IsLow default,0.35,0.86
constructedobjects_01_19,,,standable,IsLow default,0.35,0.86
constructedobjects_01_2,,,solid,geometry,0.19,0.47
constructedobjects_01_21,,,standable,IsLow default,0.35,0.86
constructedobjects_01_3,,,solid,geometry,0.12,0.29
constructedobjects_01_33,,,standable,geometry,0.24,0.59
constructedobjects_01_4,,,solid,geometry,0.17,0.42
constructedobjects_01_44,Crate,Metal,solid,alias,0.33,0.81
constructedobjects_01_45,Crate,Metal,solid,alias,0.33,0.81
constructedobjects_01_46,Crate,Metal,solid,alias,0.33,0.81
constructedobjects_01_47,Crate,Metal,solid,alias,0.33,0.81
constructedobjects_01_5,,,solid,geometry,0.17,0.42
constructedobjects_01_6,,,solid,pixels,0.24,0.59
constructedobjects_01_7,,,solid,pixels,0.18,0.44
constructedobjects_01_8,,,solid,geometry,0.15,0.37
constructedobjects_01_9,,,solid,geometry,0.15,0.37
constructedobjects_signs_01_100,Skull on Pole,Sheep,standable,geometry,0.61,1.49
constructedobjects_signs_01_101,on Pole,Antlers,standable,geometry,0.61,1.49
constructedobjects_signs_01_52,Skull on Pole,Stag,standable,geometry,0.61,1.49
constructedobjects_signs_01_53,Skull on Pole,Stag,standable,geometry,0.61,1.49
constructedobjects_signs_01_54,Skull on Pole,Stag,standable,geometry,0.61,1.49
constructedobjects_signs_01_55,Skull on Pole,Stag,standable,geometry,0.61,1.49
constructedobjects_signs_01_60,Skull on Pole,Cow,standable,alias,0.61,1.49
constructedobjects_signs_01_61,Skull on Pole,Cow,standable,alias,0.61,1.49
constructedobjects_signs_01_62,Skull on Pole,Cow,standable,alias,0.61,1.49
constructedobjects_signs_01_63,Skull on Pole,Cow,standable,alias,0.61,1.49
constructedobjects_signs_01_68,Skull on Pole,Stag,standable,geometry,0.69,1.69
constructedobjects_signs_01_69,Skull on Pole,Stag,standable,geometry,0.69,1.69
constructedobjects_signs_01_70,Skull on Pole,Stag,standable,geometry,0.69,1.69
constructedobjects_signs_01_71,Skull on Pole,Stag,standable,geometry,0.69,1.69
constructedobjects_signs_01_76,Skull on Pole,Doe,standable,alias,0.69,1.69
constructedobjects_signs_01_77,Skull on Pole,Doe,standable,alias,0.69,1.69
constructedobjects_signs_01_78,Skull on Pole,Doe,standable,alias,0.69,1.69
constructedobjects_signs_01_79,Skull on Pole,Doe,standable,alias,0.69,1.69
constructedobjects_signs_01_84,Skull on Pole,Pig,standable,geometry,0.61,1.49
constructedobjects_signs_01_85,Skull on Pole,Pig,standable,geometry,0.61,1.49
constructedobjects_signs_01_86,Skull on Pole,Pig,standable,geometry,0.61,1.49
constructedobjects_signs_01_87,Skull on Pole,Pig,standable,geometry,0.61,1.49
constructedobjects_signs_01_92,Skull on Pole,Sheep,standable,geometry,0.61,1.49
constructedobjects_signs_01_93,Skull on Pole,Sheep,standable,geometry,0.61,1.49
constructedobjects_signs_01_94,Skull on Pole,Sheep,standable,geometry,0.61,1.49
constructedobjects_signs_01_95,Skull on Pole,Sheep,standable,geometry,0.61,1.49
construction_01_14,Grinder,Mortar,solid,geometry,0.48,1.18
construction_01_15,Grinder,Mortar,solid,geometry,0.48,1.18
construction_01_4,Pallet With Bricks,,solid,geometry,0.09,0.22
construction_01_6,Grinder,Mortar,solid,geometry,0.41,1.0
construction_01_64,Sand Pile,Large,standable,geometry,0.19,0.47
construction_01_65,Sand Pile,Large,standable,geometry,0.19,0.47
construction_01_66,Sand Pile,Large,standable,geometry,0.19,0.47
construction_01_67,Sand Pile,Large,standable,geometry,0.19,0.47
construction_01_7,Grinder,Mortar,solid,geometry,0.45,1.1
construction_01_8,Block,Road,solid,geometry,0.39,0.96
construction_01_9,Block,Road,solid,pixels,0.33,0.81
crafted_01_0,,,standable,geometry,0.4,0.98
crafted_01_1,,,standable,geometry,0.42,1.03
crafted_01_110,,,solid,alias,0.57,1.4
crafted_01_111,,,solid,alias,0.57,1.4
crafted_01_112,,,standable,geometry,0.31,0.76
crafted_01_113,,,standable,geometry,0.31,0.76
crafted_01_114,,,standable,alias,0.31,0.76
crafted_01_115,,,standable,alias,0.31,0.76
crafted_01_120,,,solid,geometry,0.29,0.71
crafted_01_121,,,solid,geometry,0.29,0.71
crafted_01_122,,,solid,alias,0.29,0.71
crafted_01_123,,,solid,alias,0.29,0.71
crafted_01_124,,,solid,pixels,0.31,0.76
crafted_01_125,,,solid,pixels,0.39,0.96
crafted_01_126,,,solid,pixels,0.24,0.59
crafted_01_16,,,solid,geometry,0.36,0.88
crafted_01_17,,,solid,alias,0.36,0.88
crafted_01_18,Anvil,Blacksmith,solid,geometry,0.16,0.39
crafted_01_19,Anvil,Block,solid,geometry,0.16,0.39
crafted_01_2,,,standable,geometry,0.37,0.91
crafted_01_20,Anvil,Stone,solid,geometry,0.16,0.39
crafted_01_21,Anvil,Stone,solid,geometry,0.16,0.39
crafted_01_24,Metal Drum,,solid,geometry,0.37,0.91
crafted_01_25,Metal Drum,,solid,alias,0.37,0.91
crafted_01_26,Metal Drum,,solid,alias,0.37,0.91
crafted_01_27,Metal Drum,,solid,alias,0.37,0.91
crafted_01_28,Metal Drum,,solid,alias,0.37,0.91
crafted_01_29,Metal Drum,,solid,alias,0.37,0.91
crafted_01_3,,,standable,geometry,0.42,1.03
crafted_01_30,Metal Drum,,solid,alias,0.37,0.91
crafted_01_31,Metal Drum,,solid,alias,0.37,0.91
crafted_01_32,Metal Drum,,solid,alias,0.37,0.91
crafted_01_33,,,solid,pixels,0.49,1.2
crafted_01_34,,,solid,pixels,0.49,1.2
crafted_01_35,Anvil,Blacksmith,solid,geometry,0.15,0.37
crafted_01_36,,,solid,geometry,0.31,0.76
crafted_01_37,,,solid,alias,0.31,0.76
crafted_01_38,,Quench,solid,geometry,0.16,0.39
crafted_01_39,,Quench,solid,alias,0.16,0.39
crafted_01_4,,,standable,geometry,0.43,1.05
crafted_01_40,,,solid,alias,0.37,0.91
crafted_01_41,,,solid,alias,0.37,0.91
crafted_01_42,,,solid,geometry,0.37,0.91
crafted_01_43,,,solid,alias,0.37,0.91
crafted_01_44,,,solid,geometry,0.57,1.4
crafted_01_45,Forge,Primitive,solid,geometry,0.08,0.2
crafted_01_46,Forge,Primitive,solid,alias,0.08,0.2
crafted_01_47,,,solid,geometry,0.57,1.4
crafted_01_5,,,standable,geometry,0.37,0.91
crafted_01_54,,Quench,solid,alias,0.16,0.39
crafted_01_55,,Quench,solid,alias,0.16,0.39
crafted_01_57,,,solid,geometry,0.49,1.2
crafted_01_58,,,solid,geometry,0.49,1.2
crafted_01_60,,,solid,alias,0.49,1.2
crafted_01_61,Forge,Primitive,solid,alias,0.08,0.2
crafted_01_62,Forge,Primitive,solid,alias,0.08,0.2
crafted_01_63,,,solid,alias,0.49,1.2
crafted_01_64,Pottery Wheel,Simple,solid,geometry,0.37,0.91
crafted_01_65,Pottery Wheel,Simple,standable,geometry,0.19,0.47
crafted_01_66,Pottery Wheel,Simple,standable,geometry,0.19,0.47
crafted_01_67,Pottery Wheel,Simple,solid,geometry,0.37,0.91
crafted_01_68,Table,Pottery,solid,geometry,0.33,0.81
crafted_01_69,Table,Pottery,solid,geometry,0.33,0.81
crafted_01_70,Table,Pottery,solid,geometry,0.33,0.81
crafted_01_71,Table,Pottery,solid,geometry,0.33,0.81
crafted_01_72,Press,Hand,solid,geometry,0.59,1.45
crafted_01_73,Press,Hand,solid,alias,0.59,1.45
crafted_01_74,,,solid,geometry,0.16,0.39
crafted_01_77,,,standable,geometry,0.19,0.47
crafted_01_88,Pottery Wheel,Modern,solid,geometry,0.29,0.71
crafted_01_89,Pottery Wheel,Modern,solid,geometry,0.29,0.71
crafted_01_90,Pottery Wheel,Modern,solid,geometry,0.29,0.71
crafted_01_91,Pottery Wheel,Modern,solid,geometry,0.21,0.51
crafted_01_92,Pottery Wheel,Modern,solid,geometry,0.29,0.71
crafted_01_93,Pottery Wheel,Modern,solid,geometry,0.21,0.51
crafted_01_94,Pottery Wheel,Modern,solid,geometry,0.21,0.51
crafted_01_95,Pottery Wheel,Modern,solid,geometry,0.29,0.71
crafted_02_0,Workbench,,solid,geometry,0.3,0.73
crafted_02_1,Workbench,,solid,geometry,0.1,0.24
crafted_02_16,,,standable,geometry,0.2,0.49
crafted_02_17,,,standable,alias,0.2,0.49
crafted_02_18,,,standable,alias,0.2,0.49
crafted_02_19,,,standable,alias,0.2,0.49
crafted_02_2,Workbench,,solid,pixels,0.56,1.37
crafted_02_20,,,standable,alias,0.2,0.49
crafted_02_21,,,standable,alias,0.2,0.49
crafted_02_22,,,standable,alias,0.2,0.49
crafted_02_23,,,standable,alias,0.2,0.49
crafted_02_3,Workbench,,solid,pixels,0.55,1.35
crafted_02_32,,,solid,geometry,0.39,0.96
crafted_02_33,,,solid,geometry,0.39,0.96
crafted_02_34,,,solid,geometry,0.35,0.86
crafted_02_35,,,solid,geometry,0.35,0.86
crafted_02_36,,,solid,geometry,0.35,0.86
crafted_02_37,,,solid,geometry,0.35,0.86
crafted_02_42,Brazier,Simple,solid,geometry,0.23,0.56
crafted_02_43,Brazier,Simple,solid,geometry,0.23,0.56
crafted_02_44,Brazier,Simple,solid,geometry,0.23,0.56
crafted_02_45,Mill,Stone,solid,geometry,0.26,0.64
crafted_02_46,Grinding Slab,,standable,IsLow default,0.35,0.86
crafted_02_48,LightCharcoal Burner,,solid,geometry,0.42,1.03
crafted_02_49,Charcoal Burner,,solid,geometry,0.4,0.98
crafted_02_50,Charcoal Burner,,solid,geometry,0.4,0.98
crafted_02_51,Charcoal Burner,,solid,geometry,0.4,0.98
crafted_02_52,Forge,Electric Blower,solid,geometry,0.38,0.93
crafted_02_54,Forge,Electric Blower,solid,geometry,0.38,0.93
crafted_02_56,Bench,Log,solid,geometry,0.16,0.39
crafted_02_57,Bench,Log,solid,geometry,0.16,0.39
crafted_02_58,Bench,Log,solid,geometry,0.16,0.39
crafted_02_59,Bench,Log,solid,geometry,0.16,0.39
crafted_02_64,,,solid,geometry,0.38,0.93
crafted_02_65,,,solid,geometry,0.39,0.96
crafted_02_66,,,solid,geometry,0.38,0.93
crafted_02_67,,,solid,geometry,0.38,0.93
crafted_02_68,,,solid,geometry,0.38,0.93
crafted_02_69,,,solid,geometry,0.38,0.93
crafted_02_72,,,solid,geometry,0.39,0.96
crafted_02_73,,,solid,geometry,0.39,0.96
crafted_02_74,,,solid,geometry,0.38,0.93
crafted_02_75,,,solid,geometry,0.38,0.93
crafted_02_76,,,solid,geometry,0.38,0.93
crafted_02_77,,,solid,geometry,0.38,0.93
crafted_02_80,,,solid,geometry,0.21,0.51
crafted_02_81,,,solid,alias,0.21,0.51
crafted_02_82,,,solid,alias,0.21,0.51
crafted_02_83,,,solid,geometry,0.21,0.51
crafted_02_84,,,solid,alias,0.21,0.51
crafted_02_85,Block,Chopping,solid,geometry,0.17,0.42
crafted_02_86,Stump,,solid,geometry,0.18,0.44
crafted_02_88,Table,Large Wooden,solid,geometry,0.36,0.88
crafted_02_89,Table,Large Wooden,solid,geometry,0.36,0.88
crafted_02_90,Table,Large Wooden,solid,geometry,0.36,0.88
crafted_02_91,Table,Large Wooden,solid,geometry,0.36,0.88
crafted_02_92,Stool,Low,solid,geometry,0.1,0.24
crafted_02_93,Stool,Wooden,solid,geometry,0.21,0.51
crafted_02_94,Stool,Wooden,solid,geometry,0.21,0.51
crafted_02_95,Stool,Low Hide Covered,solid,geometry,0.2,0.49
crafted_03_35,Blacksmith Anvil,Assembled,solid,IsLow default,0.35,0.86
crafted_03_36,,,solid,geometry,0.38,0.93
crafted_03_37,,,solid,geometry,0.38,0.93
crafted_03_38,,,standable,IsLow default,0.35,0.86
crafted_03_39,,,standable,IsLow default,0.35,0.86
crafted_03_44,,,solid,alias,0.38,0.93
crafted_03_45,,,solid,alias,0.38,0.93
crafted_03_52,,,solid,alias,0.38,0.93
crafted_03_53,,,solid,geometry,0.38,0.93
crafted_03_54,,,standable,IsLow default,0.35,0.86
crafted_03_55,,,standable,IsLow default,0.35,0.86
crafted_03_56,,,standable,IsLow default,0.35,0.86
crafted_03_57,,,standable,IsLow default,0.35,0.86
crafted_03_58,,,standable,IsLow default,0.35,0.86
crafted_03_59,,,standable,IsLow default,0.35,0.86
crafted_03_60,,,solid,alias,0.38,0.93
crafted_03_61,,,solid,alias,0.38,0.93
crafted_03_64,,,solid,geometry,0.16,0.39
crafted_03_65,,,solid,geometry,0.16,0.39
crafted_03_66,,,solid,geometry,0.16,0.39
crafted_03_67,,,solid,geometry,0.16,0.39
crafted_03_72,,,standable,IsLow default,0.35,0.86
crafted_03_73,,,standable,IsLow default,0.35,0.86
crafted_03_74,,,standable,IsLow default,0.35,0.86
crafted_03_75,,,standable,IsLow default,0.35,0.86
crafted_03_80,,,solid,geometry,0.16,0.39
crafted_03_81,,,solid,geometry,0.16,0.39
crafted_03_82,,,solid,geometry,0.16,0.39
crafted_03_83,,,solid,geometry,0.16,0.39
crafted_03_84,,,solid,geometry,0.16,0.39
crafted_03_85,,,solid,geometry,0.16,0.39
crafted_03_86,,,solid,geometry,0.16,0.39
crafted_03_87,,,solid,geometry,0.16,0.39
crafted_04_100,Workbench,Branch,solid,pixels,0.33,0.81
crafted_04_101,Workbench,Branch,solid,pixels,0.37,0.91
crafted_04_102,Workbench,Branch,solid,geometry,0.31,0.76
crafted_04_103,Workbench,Branch,solid,geometry,0.31,0.76
crafted_04_104,Cross,Branch,standable,geometry,0.4,0.98
crafted_04_105,Cross,Branch,standable,geometry,0.39,0.96
crafted_04_106,Cross,Branch,standable,geometry,0.4,0.98
crafted_04_107,Cross,Branch,standable,geometry,0.41,1.0
crafted_04_108,Low Table,Long Branch,solid,geometry,0.15,0.37
crafted_04_109,Low Table,Long Branch,solid,geometry,0.15,0.37
crafted_04_110,Low Table,Long Branch,solid,geometry,0.18,0.44
crafted_04_111,Low Table,Long Branch,solid,geometry,0.18,0.44
crafted_04_112,Stool,Branch,solid,geometry,0.21,0.51
crafted_04_113,Stool,Branch,solid,geometry,0.18,0.44
crafted_04_119,,,standable,geometry,0.59,1.45
crafted_04_127,,,standable,geometry,0.51,1.25
crafted_04_32,Amphora,Closed,solid,geometry,0.43,1.05
crafted_04_33,Amphora,Open,solid,geometry,0.43,1.05
crafted_04_34,Amphora,Closed,solid,alias,0.43,1.05
crafted_04_35,Amphora,Open,solid,alias,0.43,1.05
crafted_04_36,Wheel,Spinning,solid,geometry,0.63,1.54
crafted_04_37,Wheel,Spinning,solid,geometry,0.63,1.54
crafted_04_38,Wheel,Spinning,solid,geometry,0.63,1.54
crafted_04_39,Wheel,Spinning,solid,geometry,0.63,1.54
crafted_04_40,Shelf,Stone,solid,geometry,0.35,0.86
crafted_04_41,Shelf,Stone,solid,geometry,0.35,0.86
crafted_04_42,Shelf,Stone,solid,geometry,0.35,0.86
crafted_04_43,Shelf,Stone,solid,geometry,0.35,0.86
crafted_04_44,Coffin,Flat,solid,geometry,0.08,0.2
crafted_04_45,Coffin,Flat,solid,geometry,0.08,0.2
crafted_04_46,Coffin,Flat,solid,geometry,0.08,0.2
crafted_04_47,Coffin,Flat,solid,geometry,0.08,0.2
crafted_04_48,Coffin,Flat,solid,geometry,0.08,0.2
crafted_04_49,Coffin,Flat,solid,geometry,0.08,0.2
crafted_04_50,Coffin,Flat,solid,geometry,0.08,0.2
crafted_04_51,Coffin,Flat,solid,geometry,0.08,0.2
crafted_04_52,Coffin,Upright,solid,geometry,0.69,1.69
crafted_04_53,Coffin,Upright,solid,geometry,0.69,1.69
crafted_04_54,Coffin,Upright,solid,geometry,0.69,1.69
crafted_04_55,Coffin,Upright,solid,geometry,0.69,1.69
crafted_04_56,Board,Scutching,solid,geometry,0.52,1.27
crafted_04_57,Board,Scutching,solid,geometry,0.52,1.27
crafted_04_58,Comb,Ripple,solid,geometry,0.16,0.39
crafted_04_59,Comb,Ripple,solid,geometry,0.16,0.39
crafted_04_60,Comb,Ripple,solid,geometry,0.16,0.39
crafted_04_61,Comb,Ripple,solid,geometry,0.16,0.39
crafted_04_62,Comb,Ripple,solid,geometry,0.16,0.39
crafted_04_63,Comb,Ripple,solid,geometry,0.16,0.39
crafted_04_64,Comb,Ripple,solid,geometry,0.15,0.37
crafted_04_65,Comb,Ripple,solid,geometry,0.15,0.37
crafted_04_70,Comb,Heckle,solid,geometry,0.31,0.76
crafted_04_71,Comb,Heckle,solid,geometry,0.31,0.76
crafted_04_72,Loom,Complex,solid,geometry,0.45,1.1
crafted_04_73,Loom,Complex,solid,geometry,0.45,1.1
crafted_04_74,Loom,Complex,solid,geometry,0.45,1.1
crafted_04_75,Loom,Complex,solid,geometry,0.45,1.1
crafted_04_76,,,solid,alias,0.45,1.1
crafted_04_77,,,solid,alias,0.45,1.1
crafted_04_78,,,solid,alias,0.45,1.1
crafted_04_79,,,solid,alias,0.45,1.1
crafted_04_80,Loom,Simple,standable,geometry,0.71,1.74
crafted_04_81,Loom,Simple,standable,geometry,0.71,1.74
crafted_04_82,,,standable,alias,0.71,1.74
crafted_04_83,Loom,Simple,standable,geometry,0.71,1.74
crafted_04_84,Loom,Simple,solid,geometry,0.71,1.74
crafted_04_85,,,solid,alias,0.71,1.74
crafted_04_86,Comb,Heckle,solid,geometry,0.31,0.76
crafted_04_87,Comb,Heckle,solid,geometry,0.31,0.76
crafted_04_88,Shelves,Branch,solid,geometry,0.29,0.71
crafted_04_89,Shelves,Branch,solid,geometry,0.31,0.76
crafted_04_90,Shelves,Branch,solid,geometry,0.31,0.76
crafted_04_91,Shelves,Branch,solid,geometry,0.32,0.78
crafted_04_92,Shelves,T all Branch,solid,geometry,0.82,2.01
crafted_04_93,Shelves,T all Branch,solid,geometry,0.82,2.01
crafted_04_94,Shelves,T all Branch,solid,geometry,0.82,2.01
crafted_04_95,Shelves,T all Branch,solid,geometry,0.82,2.01
crafted_04_96,Workbench,Branch,solid,geometry,0.31,0.76
crafted_04_97,Workbench,Branch,solid,geometry,0.31,0.76
crafted_05_100,,,standable,alias,0.68,1.67
crafted_05_101,,,standable,alias,0.68,1.67
crafted_05_102,,,standable,alias,0.68,1.67
crafted_05_103,,,standable,alias,0.68,1.67
crafted_05_104,,,standable,alias,0.68,1.67
crafted_05_105,,,standable,alias,0.68,1.67
crafted_05_106,,,standable,alias,0.68,1.67
crafted_05_107,,,standable,alias,0.68,1.67
crafted_05_108,Drying Rack,Medium,solid,geometry,0.55,1.35
crafted_05_109,Drying Rack,Medium,solid,geometry,0.55,1.35
crafted_05_110,Drying Rack,Medium,solid,geometry,0.55,1.35
crafted_05_111,Drying Rack,Medium,solid,geometry,0.55,1.35
crafted_05_112,,,standable,alias,0.55,1.35
crafted_05_113,,,standable,alias,0.55,1.35
crafted_05_114,,,standable,alias,0.55,1.35
crafted_05_115,,,standable,alias,0.55,1.35
crafted_05_116,,,standable,alias,0.55,1.35
crafted_05_117,,,standable,alias,0.55,1.35
crafted_05_118,,,standable,alias,0.55,1.35
crafted_05_119,,,standable,alias,0.55,1.35
crafted_05_120,,,standable,alias,0.55,1.35
crafted_05_121,,,standable,alias,0.55,1.35
crafted_05_122,,,standable,alias,0.55,1.35
crafted_05_123,,,standable,alias,0.55,1.35
crafted_05_124,,,standable,alias,0.55,1.35
crafted_05_125,,,standable,alias,0.55,1.35
crafted_05_126,,,standable,alias,0.55,1.35
crafted_05_127,,,standable,alias,0.55,1.35
crafted_05_128,,,standable,alias,0.33,0.81
crafted_05_129,,,standable,alias,0.33,0.81
crafted_05_130,,,standable,alias,0.33,0.81
crafted_05_131,,,standable,alias,0.33,0.81
crafted_05_132,,,standable,alias,0.33,0.81
crafted_05_133,,,standable,alias,0.33,0.81
crafted_05_134,,,standable,alias,0.33,0.81
crafted_05_135,,,standable,alias,0.33,0.81
crafted_05_136,Shelves,Low Wide,solid,alias,0.33,0.81
crafted_05_137,Shelves,Low Wide,solid,alias,0.33,0.81
crafted_05_138,Shelves,Low,solid,alias,0.33,0.81
crafted_05_139,Shelves,Low,solid,alias,0.33,0.81
crafted_05_140,Shelves,Low Wide,solid,alias,0.33,0.81
crafted_05_141,Shelves,Low Wide,solid,alias,0.33,0.81
crafted_05_144,,,standable,alias,0.55,1.35
crafted_05_145,,,standable,alias,0.55,1.35
crafted_05_146,,,standable,alias,0.55,1.35
crafted_05_147,,,standable,alias,0.55,1.35
crafted_05_16,Locker,Crude Tall,solid,geometry,0.8,1.96
crafted_05_17,Locker,Crude Tall,solid,geometry,0.8,1.96
crafted_05_18,Locker,Crude Tall,solid,pixels,0.78,1.91
crafted_05_19,Locker,Crude Tall,solid,pixels,0.78,1.91
crafted_05_20,Locker,Crude Wall,solid,geometry,0.52,1.27
crafted_05_21,Locker,Crude Wall,solid,geometry,0.52,1.27
crafted_05_22,Locker,Crude Wall,solid,pixels,0.46,1.13
crafted_05_23,Locker,Crude Wall,solid,pixels,0.46,1.13
crafted_05_24,Counter,Crude Metal Corner,solid,alias,0.36,0.88
crafted_05_25,Counter,Crude Metal,solid,alias,0.36,0.88
crafted_05_26,Counter,Crude Metal Corner,solid,alias,0.36,0.88
crafted_05_27,Counter,Crude Metal,solid,alias,0.36,0.88
crafted_05_28,Counter,Crude Metal Corner,solid,alias,0.36,0.88
crafted_05_29,Counter,Crude Metal,solid,alias,0.36,0.88
crafted_05_30,Counter,Crude Metal Corner,solid,alias,0.36,0.88
crafted_05_31,Counter,Crude Metal,solid,alias,0.36,0.88
crafted_05_4,Oven,Crafted,solid,geometry,0.33,0.81
crafted_05_44,Crate,Fancy Metal,solid,geometry,0.33,0.81
crafted_05_45,,,solid,geometry,0.65,1.59
crafted_05_48,Shelves,Low Wide,solid,alias,0.33,0.81
crafted_05_49,Shelves,Low Wide,solid,alias,0.33,0.81
crafted_05_5,Oven,Crafted,solid,geometry,0.33,0.81
crafted_05_50,Shelves,Low,solid,alias,0.33,0.81
crafted_05_51,Shelves,Low,solid,alias,0.33,0.81
crafted_05_52,Shelves,Low Wide,solid,alias,0.33,0.81
crafted_05_53,Shelves,Low Wide,solid,alias,0.33,0.81
crafted_05_56,Burn Barrel,,solid,geometry,0.38,0.93
crafted_05_57,Burn Barrel,,solid,alias,0.38,0.93
crafted_05_58,Burn Barrel,,solid,alias,0.38,0.93
crafted_05_59,Burn Barrel,,solid,alias,0.38,0.93
crafted_05_6,Oven,Crafted,solid,geometry,0.33,0.81
crafted_05_60,Burn Barrel,,solid,alias,0.38,0.93
crafted_05_61,Burn Barrel,,solid,alias,0.38,0.93
crafted_05_62,Burn Barrel,,solid,alias,0.38,0.93
crafted_05_63,Burn Barrel,,solid,alias,0.38,0.93
crafted_05_64,Burn Barrel,,solid,alias,0.38,0.93
crafted_05_65,Burn Barrel,,solid,alias,0.38,0.93
crafted_05_66,Burn Barrel,,solid,alias,0.38,0.93
crafted_05_67,Burn Barrel,,solid,alias,0.38,0.93
crafted_05_68,Burn Barrel,,solid,alias,0.38,0.93
crafted_05_69,Burn Barrel,,solid,alias,0.38,0.93
crafted_05_7,Oven,Crafted,solid,geometry,0.33,0.81
crafted_05_70,Burn Barrel,,solid,alias,0.38,0.93
crafted_05_71,Burn Barrel,,solid,alias,0.38,0.93
crafted_05_72,Butter Churn,,standable,geometry,0.46,1.13
crafted_05_74,Drying Rack,Small,solid,geometry,0.33,0.81
crafted_05_75,Drying Rack,Small,solid,geometry,0.33,0.81
crafted_05_76,Beam,Softening,standable,geometry,0.48,1.18
crafted_05_77,Beam,Softening,standable,geometry,0.48,1.18
crafted_05_8,,,solid,geometry,0.33,0.81
crafted_05_80,Drying Rack,Large,solid,geometry,0.68,1.67
crafted_05_81,Drying Rack,Large,solid,geometry,0.68,1.67
crafted_05_82,Drying Rack,Large,solid,geometry,0.68,1.67
crafted_05_83,Drying Rack,Large,solid,geometry,0.68,1.67
crafted_05_84,Drying Rack,Large,solid,geometry,0.68,1.67
crafted_05_85,Drying Rack,Large,solid,geometry,0.68,1.67
crafted_05_86,Drying Rack,Large,solid,geometry,0.68,1.67
crafted_05_87,Drying Rack,Large,solid,geometry,0.68,1.67
crafted_05_88,,,standable,alias,0.68,1.67
crafted_05_89,,,standable,alias,0.68,1.67
crafted_05_90,,,standable,alias,0.68,1.67
crafted_05_91,,,standable,alias,0.68,1.67
crafted_05_92,,,standable,alias,0.68,1.67
crafted_05_93,,,standable,alias,0.68,1.67
crafted_05_94,,,standable,alias,0.68,1.67
crafted_05_95,,,standable,alias,0.68,1.67
crafted_05_96,,,standable,alias,0.68,1.67
crafted_05_97,,,standable,alias,0.68,1.67
crafted_05_98,,,standable,alias,0.68,1.67
crafted_05_99,,,standable,alias,0.68,1.67
crafting_ore_0,ironOreSmall,Small,standable,IsLow default,0.35,0.86
crafting_ore_1,ironOreSmall,Small,standable,IsLow default,0.35,0.86
crafting_ore_10,Iron Ore Chunks,Large,standable,IsLow default,0.35,0.86
crafting_ore_16,copperOreSmall,Small,standable,IsLow default,0.35,0.86
crafting_ore_17,copperOreSmall,Small,standable,IsLow default,0.35,0.86
crafting_ore_18,copperOreSmall,Small,standable,IsLow default,0.35,0.86
crafting_ore_2,ironOreSmall,Small,standable,IsLow default,0.35,0.86
crafting_ore_22,copperOreLarge,Large,solid,alias,0.12,0.29
crafting_ore_23,copperOreLarge,Large,solid,alias,0.12,0.29
crafting_ore_24,copperOreLarge,Large,solid,alias,0.12,0.29
crafting_ore_25,Copper Ore Chunks,,standable,IsLow default,0.35,0.86
crafting_ore_26,Copper Ore Chunks,Large,standable,IsLow default,0.35,0.86
crafting_ore_6,ironOreLarge,Large,solid,geometry,0.12,0.29
crafting_ore_7,ironOreLarge,Large,solid,alias,0.12,0.29
crafting_ore_8,ironOreLarge,Large,solid,alias,0.12,0.29
crafting_ore_9,Iron Ore Chunks,,standable,IsLow default,0.35,0.86
d_trash_1_11,Trash,,standable,alias,0.18,0.44
d_trash_1_17,Trash,,standable,geometry,0.18,0.44
d_trash_1_20,Trash,,standable,alias,0.18,0.44
fencing_01_0,,,standable,geometry,0.61,1.49
fencing_01_100,Military Barrier,Barricade,solid,alias,0.37,0.91
fencing_01_101,Military Barrier,Barricade,solid,alias,0.69,1.69
fencing_01_102,Military Barrier,Barricade,solid,alias,0.37,0.91
fencing_01_103,Military Barrier,Barricade,solid,alias,0.69,1.69
fencing_01_107,,,standable,geometry,0.37,0.91
fencing_01_123,Fence Post,,standable,geometry,0.53,1.3
fencing_01_19,Fence Post,,standable,geometry,0.41,1.0
fencing_01_29,Fence Post,,standable,geometry,0.53,1.3
fencing_01_37,Fence Post,,standable,geometry,0.57,1.4
fencing_01_7,,,standable,geometry,0.41,1.0
fencing_01_96,Military Barrier,Barricade,solid,geometry,0.37,0.91
fencing_01_97,Military Barrier,Barricade,solid,geometry,0.69,1.69
fencing_01_98,Military Barrier,Empty,solid,geometry,0.37,0.91
fencing_01_99,Military Barrier,Empty,solid,geometry,0.69,1.69
fencing_burnt_01_3,,,standable,alias,0.41,1.0
fencing_burnt_01_45,Fence Post,,standable,alias,0.57,1.4
fencing_burnt_01_69,Fence Post,,standable,alias,0.53,1.3
fencing_damaged_01_1,,,standable,alias,0.41,1.0
fencing_damaged_01_112,,,standable,alias,0.41,1.0
fencing_damaged_01_113,,,standable,alias,0.41,1.0
fencing_damaged_01_117,,,standable,alias,0.53,1.3
fencing_damaged_01_118,,,standable,alias,0.41,1.0
fencing_damaged_01_12,,,standable,alias,0.41,1.0
fencing_damaged_01_145,,,standable,alias,0.53,1.3
fencing_damaged_01_148,,,standable,alias,0.53,1.3
fencing_damaged_01_153,,,standable,alias,0.53,1.3
fencing_damaged_01_156,,,standable,alias,0.53,1.3
fencing_damaged_01_161,,,standable,alias,0.53,1.3
fencing_damaged_01_164,,,standable,alias,0.53,1.3
fencing_damaged_01_176,,,standable,geometry,0.31,0.76
fencing_damaged_01_177,,,standable,alias,0.31,0.76
fencing_damaged_01_178,,,standable,alias,0.31,0.76
fencing_damaged_01_179,,,standable,alias,0.31,0.76
fencing_damaged_01_180,,,standable,alias,0.31,0.76
fencing_damaged_01_33,,,standable,alias,0.53,1.3
fencing_damaged_01_36,,,standable,alias,0.53,1.3
fencing_damaged_01_4,,,standable,alias,0.41,1.0
fencing_damaged_01_41,,,standable,alias,0.53,1.3
fencing_damaged_01_44,,,standable,alias,0.53,1.3
fencing_damaged_01_49,,,standable,alias,0.53,1.3
fencing_damaged_01_52,,,standable,alias,0.53,1.3
fencing_damaged_01_57,,,standable,alias,0.53,1.3
fencing_damaged_01_60,,,standable,alias,0.53,1.3
fencing_damaged_01_9,,,standable,alias,0.41,1.0
fencing_damaged_03_104,,,standable,alias,0.41,1.0
fencing_damaged_03_105,,,standable,alias,0.41,1.0
fencing_damaged_03_109,,,standable,alias,0.53,1.3
fencing_damaged_03_110,,,standable,alias,0.41,1.0
fencing_damaged_03_137,,,standable,alias,0.53,1.3
fencing_damaged_03_140,,,standable,alias,0.53,1.3
fencing_damaged_03_145,,,standable,alias,0.53,1.3
fencing_damaged_03_148,,,standable,alias,0.53,1.3
fencing_damaged_03_153,,,standable,alias,0.53,1.3
fencing_damaged_03_156,,,standable,alias,0.53,1.3
fencing_damaged_03_168,,,standable,alias,0.31,0.76
fencing_damaged_03_169,,,standable,alias,0.31,0.76
fencing_damaged_03_170,,,standable,alias,0.31,0.76
fencing_damaged_03_171,,,standable,alias,0.31,0.76
fencing_damaged_03_172,,,standable,alias,0.31,0.76
fixtures_bathroom_01_24,Bath,Large Deluxe,solid,geometry,0.22,0.54
fixtures_bathroom_01_25,Bath,Large Deluxe,solid,geometry,0.22,0.54
fixtures_bathroom_01_26,Bath,Large Deluxe,solid,geometry,0.22,0.54
fixtures_bathroom_01_27,Bath,Large Deluxe,solid,geometry,0.22,0.54
fixtures_bathroom_01_34,,,standable,geometry,0.87,2.13
fixtures_bathroom_01_35,,,standable,geometry,0.87,2.13
fixtures_bathroom_01_4,Toilet,Low,solid,geometry,0.2,0.49
fixtures_bathroom_01_5,Toilet,Low,solid,geometry,0.2,0.49
fixtures_bathroom_01_52,Bath,Large Deluxe,solid,geometry,0.22,0.54
fixtures_bathroom_01_53,Bath,Large Deluxe,solid,geometry,0.22,0.54
fixtures_bathroom_01_54,Bath,Large Deluxe,solid,geometry,0.22,0.54
fixtures_bathroom_01_55,Bath,Large Deluxe,solid,geometry,0.22,0.54
fixtures_bathroom_01_6,Toilet,Low,solid,pixels,0.14,0.34
fixtures_bathroom_01_7,Toilet,Low,solid,pixels,0.16,0.39
fixtures_bathroom_02_14,Toilet,Chemical,standable,geometry,0.18,0.44
fixtures_bathroom_02_15,Toilet,Chemical,standable,geometry,0.18,0.44
fixtures_bathroom_02_18,,,standable,alias,0.8,1.96
fixtures_bathroom_02_19,,,standable,alias,0.8,1.96
fixtures_bathroom_02_24,Toilet,Wooden,standable,geometry,0.24,0.59
fixtures_bathroom_02_25,Toilet,Wooden,standable,geometry,0.24,0.59
fixtures_bathroom_02_27,Toilet,Wooden,standable,IsLow default,0.35,0.86
fixtures_bathroom_02_34,,,standable,alias,0.8,1.96
fixtures_bathroom_02_35,,,standable,alias,0.8,1.96
fixtures_bathroom_02_4,Toilet,Chemical,standable,geometry,0.18,0.44
fixtures_bathroom_02_5,Toilet,Chemical,standable,geometry,0.18,0.44
fixtures_counters_01_0,Counter,Modern Corner,solid,geometry,0.36,0.88
fixtures_counters_01_1,Counter,Modern,solid,alias,0.36,0.88
fixtures_counters_01_10,Counter,Wooden Corner,solid,alias,0.36,0.88
fixtures_counters_01_100,,,standable,alias,0.36,0.88
fixtures_counters_01_101,,,standable,alias,0.36,0.88
fixtures_counters_01_102,,,standable,alias,0.36,0.88
fixtures_counters_01_103,,,standable,alias,0.36,0.88
fixtures_counters_01_104,,,standable,alias,0.36,0.88
fixtures_counters_01_105,,,standable,alias,0.36,0.88
fixtures_counters_01_106,,,standable,alias,0.36,0.88
fixtures_counters_01_107,,,standable,alias,0.36,0.88
fixtures_counters_01_11,Counter,Wooden,solid,alias,0.36,0.88
fixtures_counters_01_112,,,standable,alias,0.36,0.88
fixtures_counters_01_113,,,standable,alias,0.36,0.88
fixtures_counters_01_114,,,standable,alias,0.36,0.88
fixtures_counters_01_115,,,standable,alias,0.36,0.88
fixtures_counters_01_116,,,standable,alias,0.36,0.88
fixtures_counters_01_117,,,standable,alias,0.36,0.88
fixtures_counters_01_118,,,standable,alias,0.36,0.88
fixtures_counters_01_12,Counter,Wooden Corner,solid,alias,0.36,0.88
fixtures_counters_01_120,,,standable,alias,0.36,0.88
fixtures_counters_01_121,,,standable,alias,0.36,0.88
fixtures_counters_01_122,,,standable,alias,0.36,0.88
fixtures_counters_01_123,,,standable,alias,0.36,0.88
fixtures_counters_01_124,,,standable,alias,0.36,0.88
fixtures_counters_01_125,,,standable,alias,0.36,0.88
fixtures_counters_01_126,,,standable,alias,0.36,0.88
fixtures_counters_01_128,,,standable,alias,0.36,0.88
fixtures_counters_01_129,,,standable,alias,0.36,0.88
fixtures_counters_01_13,Counter,Wooden,solid,alias,0.36,0.88
fixtures_counters_01_130,,,standable,alias,0.36,0.88
fixtures_counters_01_131,,,standable,alias,0.36,0.88
fixtures_counters_01_132,,,standable,alias,0.36,0.88
fixtures_counters_01_133,,,standable,alias,0.36,0.88
fixtures_counters_01_134,,,standable,alias,0.36,0.88
fixtures_counters_01_136,,,standable,alias,0.36,0.88
fixtures_counters_01_137,,,standable,alias,0.36,0.88
fixtures_counters_01_138,,,standable,alias,0.36,0.88
fixtures_counters_01_139,,,standable,alias,0.36,0.88
fixtures_counters_01_14,Counter,Wooden Corner,solid,alias,0.36,0.88
fixtures_counters_01_140,,,standable,alias,0.36,0.88
fixtures_counters_01_141,,,standable,alias,0.36,0.88
fixtures_counters_01_142,,,standable,alias,0.36,0.88
fixtures_counters_01_15,Counter,Wooden,solid,alias,0.36,0.88
fixtures_counters_01_192,Counter,Dark Oak Corner,solid,alias,0.36,0.88
fixtures_counters_01_193,Counter,Dark Oak Corner,solid,alias,0.36,0.88
fixtures_counters_01_194,Counter,Dark Oak Corner,solid,alias,0.36,0.88
fixtures_counters_01_195,Counter,Dark Oak Corner,solid,alias,0.36,0.88
fixtures_counters_01_196,Counter,Dark Oak Corner,solid,alias,0.36,0.88
fixtures_counters_01_197,Counter,Dark Oak Corner,solid,alias,0.36,0.88
fixtures_counters_01_198,Counter,Dark Oak Corner,solid,alias,0.36,0.88
fixtures_counters_01_199,Counter,Dark Oak Corner,solid,alias,0.36,0.88
fixtures_counters_01_2,Counter,Modern Corner,solid,alias,0.36,0.88
fixtures_counters_01_3,Counter,Modern,solid,alias,0.36,0.88
fixtures_counters_01_32,Counter,Steel Corner,solid,alias,0.36,0.88
fixtures_counters_01_33,Counter,Steel,solid,alias,0.36,0.88
fixtures_counters_01_34,Counter,Steel Corner,solid,alias,0.36,0.88
fixtures_counters_01_35,Counter,Steel,solid,alias,0.36,0.88
fixtures_counters_01_36,Counter,Steel Corner,solid,alias,0.36,0.88
fixtures_counters_01_37,Counter,Steel,solid,alias,0.36,0.88
fixtures_counters_01_38,Counter,Steel Corner,solid,alias,0.36,0.88
fixtures_counters_01_39,Counter,Steel,solid,alias,0.36,0.88
fixtures_counters_01_4,Counter,Modern Corner,solid,alias,0.36,0.88
fixtures_counters_01_40,Counter,Birchwood Corner,solid,alias,0.36,0.88
fixtures_counters_01_41,Counter,Birchwood,solid,alias,0.36,0.88
fixtures_counters_01_42,Counter,Birchwood Corner,solid,alias,0.36,0.88
fixtures_counters_01_43,Counter,Birchwood,solid,alias,0.36,0.88
fixtures_counters_01_44,Counter,Birchwood Corner,solid,alias,0.36,0.88
fixtures_counters_01_45,Counter,Birchwood,solid,alias,0.36,0.88
fixtures_counters_01_46,Counter,Birchwood Corner,solid,alias,0.36,0.88
fixtures_counters_01_47,Counter,Birchwood,solid,alias,0.36,0.88
fixtures_counters_01_48,Counter,Oak Corner,solid,alias,0.36,0.88
fixtures_counters_01_49,Counter,Oak,solid,alias,0.36,0.88
fixtures_counters_01_5,Counter,Modern,solid,alias,0.36,0.88
fixtures_counters_01_50,Counter,Oak Corner,solid,alias,0.36,0.88
fixtures_counters_01_51,Counter,Oak,solid,alias,0.36,0.88
fixtures_counters_01_52,Counter,Oak Corner,solid,alias,0.36,0.88
fixtures_counters_01_53,Counter,Oak,solid,alias,0.36,0.88
fixtures_counters_01_54,Counter,Oak Corner,solid,alias,0.36,0.88
fixtures_counters_01_55,Counter,Oak,solid,alias,0.36,0.88
fixtures_counters_01_56,Counter,Dark Corner,solid,alias,0.36,0.88
fixtures_counters_01_57,Counter,Dark,solid,alias,0.36,0.88
fixtures_counters_01_58,Counter,Dark Corner,solid,alias,0.36,0.88
fixtures_counters_01_59,Counter,Dark,solid,alias,0.36,0.88
fixtures_counters_01_6,Counter,Modern Corner,solid,alias,0.36,0.88
fixtures_counters_01_60,Counter,Dark Corner,solid,alias,0.36,0.88
fixtures_counters_01_61,Counter,Dark,solid,alias,0.36,0.88
fixtures_counters_01_62,Counter,Dark Corner,solid,alias,0.36,0.88
fixtures_counters_01_63,Counter,Dark,solid,alias,0.36,0.88
fixtures_counters_01_64,Counter,Green Corner,solid,alias,0.36,0.88
fixtures_counters_01_65,Counter,Green,solid,alias,0.36,0.88
fixtures_counters_01_66,Counter,Green Corner,solid,alias,0.36,0.88
fixtures_counters_01_67,Counter,Green,solid,alias,0.36,0.88
fixtures_counters_01_68,Counter,Green Corner,solid,alias,0.36,0.88
fixtures_counters_01_69,Counter,Green,solid,alias,0.36,0.88
fixtures_counters_01_7,Counter,Modern,solid,alias,0.36,0.88
fixtures_counters_01_70,Counter,Green Corner,solid,alias,0.36,0.88
fixtures_counters_01_71,Counter,Green,solid,alias,0.36,0.88
fixtures_counters_01_72,Counter,White Corner,solid,alias,0.36,0.88
fixtures_counters_01_73,Counter,White,solid,alias,0.36,0.88
fixtures_counters_01_74,Counter,White Corner,solid,alias,0.36,0.88
fixtures_counters_01_75,Counter,White,solid,alias,0.36,0.88
fixtures_counters_01_76,Counter,White Corner,solid,alias,0.36,0.88
fixtures_counters_01_77,Counter,White,solid,alias,0.36,0.88
fixtures_counters_01_78,Counter,White Corner,solid,alias,0.36,0.88
fixtures_counters_01_79,Counter,White,solid,alias,0.36,0.88
fixtures_counters_01_8,Counter,Wooden Corner,solid,alias,0.36,0.88
fixtures_counters_01_80,,,standable,alias,0.36,0.88
fixtures_counters_01_81,,,standable,alias,0.36,0.88
fixtures_counters_01_82,,,standable,alias,0.36,0.88
fixtures_counters_01_83,,,standable,alias,0.36,0.88
fixtures_counters_01_84,,,standable,alias,0.36,0.88
fixtures_counters_01_85,,,standable,alias,0.36,0.88
fixtures_counters_01_86,,,standable,alias,0.36,0.88
fixtures_counters_01_87,,,standable,alias,0.36,0.88
fixtures_counters_01_88,,,standable,alias,0.36,0.88
fixtures_counters_01_89,,,standable,alias,0.36,0.88
fixtures_counters_01_9,Counter,Wooden,solid,alias,0.36,0.88
fixtures_counters_01_90,,,standable,alias,0.36,0.88
fixtures_counters_01_91,,,standable,alias,0.36,0.88
fixtures_counters_01_92,,,standable,alias,0.36,0.88
fixtures_counters_01_93,,,standable,alias,0.36,0.88
fixtures_counters_01_94,,,standable,alias,0.36,0.88
fixtures_counters_01_95,,,standable,alias,0.36,0.88
fixtures_counters_01_96,,,standable,alias,0.36,0.88
fixtures_counters_01_97,,,standable,alias,0.36,0.88
fixtures_counters_01_98,,,standable,alias,0.36,0.88
fixtures_counters_01_99,,,standable,alias,0.36,0.88
fixtures_fireplaces_01_23,,,standable,geometry,0.55,1.35
fixtures_fireplaces_01_48,,,standable,geometry,0.55,1.35
fixtures_fireplaces_01_49,,,standable,alias,0.55,1.35
fixtures_fireplaces_01_50,,,standable,alias,0.55,1.35
fixtures_fireplaces_01_51,,,standable,geometry,0.53,1.3
fixtures_fireplaces_01_52,,,standable,alias,0.53,1.3
fixtures_fireplaces_01_53,,,standable,alias,0.53,1.3
fixtures_fireplaces_01_56,,,standable,alias,0.55,1.35
fixtures_fireplaces_01_57,,,standable,alias,0.55,1.35
fixtures_fireplaces_01_58,,,standable,alias,0.55,1.35
fixtures_fireplaces_01_59,,,standable,alias,0.53,1.3
fixtures_fireplaces_01_60,,,standable,alias,0.53,1.3
fixtures_fireplaces_01_61,,,standable,alias,0.53,1.3
fixtures_sinks_01_32,Sink,Large Industrial,solid,geometry,0.36,0.88
fixtures_sinks_01_33,Sink,Large Industrial,solid,geometry,0.36,0.88
fixtures_sinks_01_34,Sink,Large Industrial,solid,geometry,0.36,0.88
fixtures_sinks_01_35,Sink,Large Industrial,solid,geometry,0.36,0.88
furniture_bedding_01_0,Bed,Fancy,solid,geometry,0.29,0.71
furniture_bedding_01_1,Bed,Fancy,solid,geometry,0.29,0.71
furniture_bedding_01_10,Bed,Blue,solid,geometry,0.29,0.71
furniture_bedding_01_11,Bed,Blue,solid,geometry,0.29,0.71
furniture_bedding_01_12,Bed,Large Fancy,solid,geometry,0.29,0.71
furniture_bedding_01_13,Bed,Large Fancy,solid,geometry,0.29,0.71
furniture_bedding_01_14,Bed,Large Fancy,solid,geometry,0.29,0.71
furniture_bedding_01_15,Bed,Large Fancy,solid,geometry,0.29,0.71
furniture_bedding_01_16,Bed,Large Modern,solid,geometry,0.18,0.44
furniture_bedding_01_17,Bed,Large Modern,solid,geometry,0.18,0.44
furniture_bedding_01_18,Bed,Large Modern,solid,geometry,0.18,0.44
furniture_bedding_01_19,Bed,Large Modern,solid,geometry,0.18,0.44
furniture_bedding_01_2,Bed,Fancy,solid,geometry,0.29,0.71
furniture_bedding_01_20,Bed,Large Modern,solid,pixels,0.43,1.05
furniture_bedding_01_22,Bed,Large Modern,solid,pixels,0.44,1.08
furniture_bedding_01_23,Bed,Large Modern,solid,pixels,0.35,0.86
furniture_bedding_01_24,Bed,Large Modern,solid,geometry,0.18,0.44
furniture_bedding_01_25,Bed,Large Modern,solid,geometry,0.18,0.44
furniture_bedding_01_26,Bed,Large Modern,solid,geometry,0.18,0.44
furniture_bedding_01_27,Bed,Large Modern,solid,geometry,0.18,0.44
furniture_bedding_01_28,Bed,Large Modern,solid,geometry,0.29,0.71
furniture_bedding_01_29,Bed,Large Modern,solid,geometry,0.29,0.71
furniture_bedding_01_3,Bed,Fancy,solid,geometry,0.29,0.71
furniture_bedding_01_30,Bed,Large Modern,solid,geometry,0.29,0.71
furniture_bedding_01_31,Bed,Large Modern,solid,geometry,0.29,0.71
furniture_bedding_01_32,Bed,Simple,solid,alias,0.25,0.61
furniture_bedding_01_33,Bed,Simple,solid,alias,0.25,0.61
furniture_bedding_01_34,Bed,Simple,solid,alias,0.25,0.61
furniture_bedding_01_35,Bed,Simple,solid,alias,0.25,0.61
furniture_bedding_01_36,Beds,Twin,solid,geometry,0.73,1.79
furniture_bedding_01_37,Beds,Twin,solid,geometry,0.73,1.79
furniture_bedding_01_38,Beds,Twin,solid,geometry,0.73,1.79
furniture_bedding_01_39,Beds,Twin,solid,geometry,0.73,1.79
furniture_bedding_01_4,Bed,Large Fancy,solid,geometry,0.29,0.71
furniture_bedding_01_40,Bed,Large Oak,solid,geometry,0.29,0.71
furniture_bedding_01_41,Bed,Large Oak,solid,geometry,0.29,0.71
furniture_bedding_01_42,Bed,Large Oak,solid,geometry,0.29,0.71
furniture_bedding_01_43,Bed,Large Oak,solid,geometry,0.29,0.71
furniture_bedding_01_44,Bed,Large Oak,solid,geometry,0.3,0.73
furniture_bedding_01_45,Bed,Large Oak,solid,geometry,0.3,0.73
furniture_bedding_01_46,Bed,Large Oak,solid,geometry,0.3,0.73
furniture_bedding_01_47,Bed,Large Oak,solid,geometry,0.3,0.73
furniture_bedding_01_48,Bed,Large Oak,solid,geometry,0.27,0.66
furniture_bedding_01_49,Bed,Large Oak,solid,geometry,0.16,0.39
furniture_bedding_01_5,Bed,Large Fancy,solid,geometry,0.29,0.71
furniture_bedding_01_50,Bed,Large Oak,solid,geometry,0.27,0.66
furniture_bedding_01_51,Bed,Large Oak,solid,geometry,0.16,0.39
furniture_bedding_01_52,Bed,Large Oak,solid,geometry,0.26,0.64
furniture_bedding_01_53,Bed,Large Oak,solid,geometry,0.26,0.64
furniture_bedding_01_54,Bed,Large Oak,solid,geometry,0.26,0.64
furniture_bedding_01_55,Bed,Large Oak,solid,geometry,0.26,0.64
furniture_bedding_01_56,Bed,Stretcher,solid,geometry,0.25,0.61
furniture_bedding_01_57,Bed,Stretcher,solid,geometry,0.25,0.61
furniture_bedding_01_58,Bed,Stretcher,solid,geometry,0.25,0.61
furniture_bedding_01_59,Bed,Stretcher,solid,geometry,0.25,0.61
furniture_bedding_01_6,Bed,Large Fancy,solid,geometry,0.29,0.71
furniture_bedding_01_60,Bed,Simple,solid,geometry,0.25,0.61
furniture_bedding_01_61,Bed,Simple,solid,geometry,0.25,0.61
furniture_bedding_01_62,Bed,Simple,solid,geometry,0.25,0.61
furniture_bedding_01_63,Bed,Simple,solid,geometry,0.25,0.61
furniture_bedding_01_64,Bed,Hospital,solid,geometry,0.25,0.61
furniture_bedding_01_65,Bed,Hospital,solid,geometry,0.25,0.61
furniture_bedding_01_66,Bed,Hospital,solid,geometry,0.25,0.61
furniture_bedding_01_67,Bed,Hospital,solid,geometry,0.25,0.61
furniture_bedding_01_68,Bed,Fancy,solid,geometry,0.29,0.71
furniture_bedding_01_69,Bed,Fancy,solid,geometry,0.29,0.71
furniture_bedding_01_7,Bed,Large Fancy,solid,geometry,0.29,0.71
furniture_bedding_01_70,Bed,Fancy,solid,geometry,0.29,0.71
furniture_bedding_01_71,Bed,Fancy,solid,geometry,0.29,0.71
furniture_bedding_01_72,Bed,Large Fancy,solid,geometry,0.29,0.71
furniture_bedding_01_73,Bed,Large Fancy,solid,geometry,0.29,0.71
furniture_bedding_01_74,Bed,Large Fancy,solid,geometry,0.29,0.71
furniture_bedding_01_75,Bed,Large Fancy,solid,geometry,0.29,0.71
furniture_bedding_01_76,Bed,Blue,solid,geometry,0.29,0.71
furniture_bedding_01_77,Bed,Blue,solid,geometry,0.29,0.71
furniture_bedding_01_78,Bed,Blue,solid,geometry,0.29,0.71
furniture_bedding_01_79,Bed,Blue,solid,geometry,0.29,0.71
furniture_bedding_01_8,Bed,Blue,solid,geometry,0.29,0.71
furniture_bedding_01_80,Bed,Large Fancy,solid,geometry,0.29,0.71
furniture_bedding_01_81,Bed,Large Fancy,solid,geometry,0.29,0.71
furniture_bedding_01_82,Bed,Large Fancy,solid,geometry,0.29,0.71
furniture_bedding_01_83,Bed,Large Fancy,solid,geometry,0.29,0.71
furniture_bedding_01_84,Beds,Bunk,solid,geometry,0.78,1.91
furniture_bedding_01_85,Beds,Bunk,solid,geometry,0.78,1.91
furniture_bedding_01_86,Beds,Bunk,solid,geometry,0.78,1.91
furniture_bedding_01_87,Beds,Bunk,solid,geometry,0.84,2.06
furniture_bedding_01_88,Bed,Light Wood,solid,geometry,0.24,0.59
furniture_bedding_01_89,Bed,Light Wood,solid,geometry,0.24,0.59
furniture_bedding_01_9,Bed,Blue,solid,geometry,0.29,0.71
furniture_bedding_01_90,Bed,Light Wood,solid,geometry,0.24,0.59
furniture_bedding_01_91,Bed,Light Wood,solid,geometry,0.24,0.59
furniture_bedding_01_92,Bed,Oak,solid,alias,0.24,0.59
furniture_bedding_01_93,Bed,Oak,solid,alias,0.24,0.59
furniture_bedding_01_94,Bed,Oak,solid,alias,0.24,0.59
furniture_bedding_01_95,Bed,Oak,solid,alias,0.24,0.59
furniture_seating_indoor_01_0,Couch,Red Comfy,solid,geometry,0.19,0.47
furniture_seating_indoor_01_1,Couch,Red Comfy,solid,geometry,0.19,0.47
furniture_seating_indoor_01_10,Chair,Green Comfy,solid,geometry,0.18,0.44
furniture_seating_indoor_01_11,Chair,Green Comfy,solid,geometry,0.18,0.44
furniture_seating_indoor_01_12,Chair,Red Comfy,solid,geometry,0.19,0.47
furniture_seating_indoor_01_13,Chair,Red Comfy,solid,geometry,0.19,0.47
furniture_seating_indoor_01_14,Chair,Red Comfy,solid,geometry,0.19,0.47
furniture_seating_indoor_01_15,Chair,Red Comfy,solid,geometry,0.19,0.47
furniture_seating_indoor_01_16,Couch,Green Comfy,solid,geometry,0.19,0.47
furniture_seating_indoor_01_17,Couch,Green Comfy,solid,geometry,0.19,0.47
furniture_seating_indoor_01_18,Couch,Green Comfy,solid,pixels,0.39,0.96
furniture_seating_indoor_01_19,Couch,Green Comfy,solid,pixels,0.36,0.88
furniture_seating_indoor_01_2,Couch,Red Comfy,solid,geometry,0.19,0.47
furniture_seating_indoor_01_20,Couch,Green Comfy,solid,pixels,0.28,0.69
furniture_seating_indoor_01_21,Couch,Green Comfy,solid,pixels,0.26,0.64
furniture_seating_indoor_01_22,Couch,Green Comfy,solid,geometry,0.19,0.47
furniture_seating_indoor_01_23,Couch,Green Comfy,solid,geometry,0.19,0.47
furniture_seating_indoor_01_24,Couch,Purple Rattan,solid,geometry,0.2,0.49
furniture_seating_indoor_01_25,Couch,Purple Rattan,solid,geometry,0.2,0.49
furniture_seating_indoor_01_26,Couch,Purple Rattan,solid,geometry,0.2,0.49
furniture_seating_indoor_01_27,Couch,Purple Rattan,solid,geometry,0.2,0.49
furniture_seating_indoor_01_28,Couch,Purple Rattan,solid,pixels,0.25,0.61
furniture_seating_indoor_01_29,Couch,Purple Rattan,solid,pixels,0.28,0.69
furniture_seating_indoor_01_3,Couch,Red Comfy,solid,geometry,0.19,0.47
furniture_seating_indoor_01_30,Couch,Purple Rattan,solid,pixels,0.28,0.69
furniture_seating_indoor_01_31,Couch,Purple Rattan,solid,pixels,0.25,0.61
furniture_seating_indoor_01_32,Chair,Purple Rattan,solid,geometry,0.2,0.49
furniture_seating_indoor_01_33,Chair,Purple Rattan,solid,geometry,0.2,0.49
furniture_seating_indoor_01_34,Chair,Purple Rattan,solid,pixels,0.3,0.73
furniture_seating_indoor_01_35,Chair,Purple Rattan,solid,pixels,0.3,0.73
furniture_seating_indoor_01_36,Chair,Fancy White,solid,alias,0.19,0.47
furniture_seating_indoor_01_37,Chair,Fancy White,solid,alias,0.19,0.47
furniture_seating_indoor_01_38,Chair,Fancy White,solid,pixels,0.32,0.78
furniture_seating_indoor_01_39,Chair,Fancy White,solid,pixels,0.32,0.78
furniture_seating_indoor_01_4,Couch,Red Comfy,solid,geometry,0.19,0.47
furniture_seating_indoor_01_40,Chair,Modern Red,standable,geometry,0.2,0.49
furniture_seating_indoor_01_41,Chair,Modern Red,standable,geometry,0.2,0.49
furniture_seating_indoor_01_42,Chair,Modern Red,standable,geometry,0.2,0.49
furniture_seating_indoor_01_43,Chair,Modern Red,standable,geometry,0.2,0.49
furniture_seating_indoor_01_44,Chair,Modern White,solid,geometry,0.19,0.47
furniture_seating_indoor_01_45,Chair,Modern White,solid,geometry,0.19,0.47
furniture_seating_indoor_01_46,Ottoman,Orange,solid,geometry,0.23,0.56
furniture_seating_indoor_01_47,Ottoman,Orange,solid,geometry,0.23,0.56
furniture_seating_indoor_01_49,Chair,Black Office,standable,IsLow default,0.35,0.86
furniture_seating_indoor_01_5,Couch,Red Comfy,solid,geometry,0.19,0.47
furniture_seating_indoor_01_50,Chair,Black Office,standable,geometry,0.33,0.81
furniture_seating_indoor_01_52,Chair,Grey,standable,IsLow default,0.35,0.86
furniture_seating_indoor_01_53,Chair,Grey,standable,geometry,0.19,0.47
furniture_seating_indoor_01_54,Chair,Grey,standable,geometry,0.19,0.47
furniture_seating_indoor_01_55,Chair,Grey,standable,IsLow default,0.35,0.86
furniture_seating_indoor_01_56,Chair,Green Dinner,standable,geometry,0.2,0.49
furniture_seating_indoor_01_57,Chair,Green Dinner,standable,geometry,0.2,0.49
furniture_seating_indoor_01_58,Chair,Green Dinner,standable,geometry,0.18,0.44
furniture_seating_indoor_01_59,Chair,Green Dinner,standable,geometry,0.2,0.49
furniture_seating_indoor_01_6,Couch,Red Comfy,solid,geometry,0.19,0.47
furniture_seating_indoor_01_60,Chair,Folding,standable,geometry,0.17,0.42
furniture_seating_indoor_01_61,Chair,Folding,standable,geometry,0.17,0.42
furniture_seating_indoor_01_62,Chair,Folding,standable,geometry,0.17,0.42
furniture_seating_indoor_01_63,Chair,Folding,standable,geometry,0.17,0.42
furniture_seating_indoor_01_7,Couch,Red Comfy,solid,geometry,0.19,0.47
furniture_seating_indoor_01_8,Chair,Green Comfy,solid,geometry,0.19,0.47
furniture_seating_indoor_01_9,Chair,Green Comfy,solid,geometry,0.19,0.47
furniture_seating_indoor_02_0,Chair,Dark Wooden,standable,geometry,0.19,0.47
furniture_seating_indoor_02_1,Chair,Dark Wooden,standable,geometry,0.19,0.47
furniture_seating_indoor_02_10,Chair,Red Wooden,standable,IsLow default,0.35,0.86
furniture_seating_indoor_02_11,Chair,Red Wooden,standable,geometry,0.18,0.44
furniture_seating_indoor_02_12,Chair,Blue Plastic,standable,IsLow default,0.35,0.86
furniture_seating_indoor_02_13,Chair,Blue Plastic,standable,IsLow default,0.35,0.86
furniture_seating_indoor_02_14,Chair,Blue Plastic,standable,IsLow default,0.35,0.86
furniture_seating_indoor_02_15,Chair,Blue Plastic,standable,IsLow default,0.35,0.86
furniture_seating_indoor_02_16,Bench,Sturdy,standable,geometry,0.18,0.44
furniture_seating_indoor_02_17,Bench,Sturdy,standable,geometry,0.18,0.44
furniture_seating_indoor_02_18,Bench,Sturdy,standable,geometry,0.19,0.47
furniture_seating_indoor_02_19,Bench,Sturdy,standable,geometry,0.19,0.47
furniture_seating_indoor_02_2,Chair,Dark Wooden,standable,geometry,0.19,0.47
furniture_seating_indoor_02_20,Chair,White Lazy,solid,geometry,0.2,0.49
furniture_seating_indoor_02_21,Chair,White Lazy,solid,geometry,0.2,0.49
furniture_seating_indoor_02_22,Chair,White Lazy,solid,pixels,0.29,0.71
furniture_seating_indoor_02_23,Chair,White Lazy,solid,pixels,0.29,0.71
furniture_seating_indoor_02_24,Couch,White Lazy,solid,geometry,0.21,0.51
furniture_seating_indoor_02_25,Couch,White Lazy,solid,geometry,0.21,0.51
furniture_seating_indoor_02_26,Couch,White Lazy,solid,pixels,0.38,0.93
furniture_seating_indoor_02_27,Couch,White Lazy,solid,pixels,0.36,0.88
furniture_seating_indoor_02_28,Couch,White Lazy,solid,geometry,0.21,0.51
furniture_seating_indoor_02_29,Couch,White Lazy,solid,geometry,0.21,0.51
furniture_seating_indoor_02_3,Chair,Dark Wooden,standable,geometry,0.19,0.47
furniture_seating_indoor_02_30,Couch,White Lazy,solid,pixels,0.28,0.69
furniture_seating_indoor_02_31,Couch,White Lazy,solid,pixels,0.29,0.71
furniture_seating_indoor_02_32,Couch,Blue Rattan,solid,geometry,0.2,0.49
furniture_seating_indoor_02_33,Couch,Blue Rattan,solid,geometry,0.2,0.49
furniture_seating_indoor_02_34,Couch,Blue Rattan,solid,geometry,0.2,0.49
furniture_seating_indoor_02_35,Couch,Blue Rattan,solid,geometry,0.2,0.49
furniture_seating_indoor_02_36,Couch,Blue Rattan,solid,pixels,0.25,0.61
furniture_seating_indoor_02_37,Couch,Blue Rattan,solid,pixels,0.29,0.71
furniture_seating_indoor_02_38,Couch,Blue Rattan,solid,pixels,0.29,0.71
furniture_seating_indoor_02_39,Couch,Blue Rattan,solid,pixels,0.26,0.64
furniture_seating_indoor_02_4,Chair,Wooden,standable,geometry,0.18,0.44
furniture_seating_indoor_02_40,Chair,Blue Rattan,solid,geometry,0.2,0.49
furniture_seating_indoor_02_41,Chair,Blue Rattan,solid,geometry,0.2,0.49
furniture_seating_indoor_02_42,Chair,Blue Rattan,solid,pixels,0.31,0.76
furniture_seating_indoor_02_43,Chair,Blue Rattan,solid,pixels,0.31,0.76
furniture_seating_indoor_02_44,Chair,Brown Lazy,solid,geometry,0.21,0.51
furniture_seating_indoor_02_45,Chair,Brown Lazy,solid,pixels,0.39,0.96
furniture_seating_indoor_02_46,Chair,Brown Lazy,solid,geometry,0.18,0.44
furniture_seating_indoor_02_47,Chair,Brown Lazy,solid,pixels,0.29,0.71
furniture_seating_indoor_02_48,Couch,Brown Lazy,solid,geometry,0.2,0.49
furniture_seating_indoor_02_49,Couch,Brown Lazy,solid,geometry,0.2,0.49
furniture_seating_indoor_02_50,Couch,Brown Lazy,solid,pixels,0.38,0.93
furniture_seating_indoor_02_51,Couch,Brown Lazy,solid,pixels,0.38,0.93
furniture_seating_indoor_02_52,Couch,Brown Lazy,solid,geometry,0.2,0.49
furniture_seating_indoor_02_53,Couch,Brown Lazy,solid,geometry,0.2,0.49
furniture_seating_indoor_02_54,Couch,Brown Lazy,solid,pixels,0.29,0.71
furniture_seating_indoor_02_55,Couch,Brown Lazy,solid,pixels,0.31,0.76
furniture_seating_indoor_02_56,Chair,White Wooden,standable,geometry,0.19,0.47
furniture_seating_indoor_02_57,Chair,White Wooden,standable,geometry,0.19,0.47
furniture_seating_indoor_02_58,Chair,White Wooden,standable,IsLow default,0.35,0.86
furniture_seating_indoor_02_59,Chair,White Wooden,standable,geometry,0.19,0.47
furniture_seating_indoor_02_6,Chair,Wooden,standable,IsLow default,0.35,0.86
furniture_seating_indoor_02_7,Chair,Wooden,standable,geometry,0.18,0.44
furniture_seating_indoor_02_8,Chair,Red Wooden,standable,geometry,0.18,0.44
furniture_seating_indoor_03_0,Bench,Sports,standable,geometry,0.18,0.44
furniture_seating_indoor_03_1,Bench,Sports,standable,geometry,0.18,0.44
furniture_seating_indoor_03_10,Couch,Light Blue,solid,pixels,0.39,0.96
furniture_seating_indoor_03_100,Chair,Victorian 4,solid,geometry,0.18,0.44
furniture_seating_indoor_03_101,Chair,Victorian 4,solid,geometry,0.18,0.44
furniture_seating_indoor_03_102,Chair,Victorian 4,solid,pixels,0.3,0.73
furniture_seating_indoor_03_103,Chair,Victorian 4,solid,pixels,0.31,0.76
furniture_seating_indoor_03_104,Couch,Victorian C3,solid,geometry,0.19,0.47
furniture_seating_indoor_03_105,Couch,Victorian C3,solid,geometry,0.19,0.47
furniture_seating_indoor_03_106,Couch,Victorian C3,solid,geometry,0.19,0.47
furniture_seating_indoor_03_107,Couch,Victorian C3,solid,geometry,0.19,0.47
furniture_seating_indoor_03_108,Couch,Victorian C3,solid,pixels,0.3,0.73
furniture_seating_indoor_03_109,Couch,Victorian C3,solid,pixels,0.26,0.64
furniture_seating_indoor_03_11,Couch,Light Blue,solid,pixels,0.38,0.93
furniture_seating_indoor_03_110,Couch,Victorian C3,solid,pixels,0.27,0.66
furniture_seating_indoor_03_111,Couch,Victorian C3,solid,pixels,0.29,0.71
furniture_seating_indoor_03_112,Couch,Victorian C4,solid,geometry,0.18,0.44
furniture_seating_indoor_03_113,Couch,Victorian C4,solid,geometry,0.18,0.44
furniture_seating_indoor_03_114,Couch,Victorian C4,solid,geometry,0.18,0.44
furniture_seating_indoor_03_115,Couch,Victorian C4,solid,geometry,0.18,0.44
furniture_seating_indoor_03_116,Couch,Victorian C4,solid,geometry,0.19,0.47
furniture_seating_indoor_03_117,Couch,Victorian C4,solid,geometry,0.19,0.47
furniture_seating_indoor_03_118,Couch,Victorian C4,solid,pixels,0.21,0.51
furniture_seating_indoor_03_119,Couch,Victorian C4,solid,pixels,0.3,0.73
furniture_seating_indoor_03_12,Couch,Light Blue,solid,geometry,0.21,0.51
furniture_seating_indoor_03_120,Chair,Victorian 5,solid,geometry,0.18,0.44
furniture_seating_indoor_03_121,Chair,Victorian 5,solid,geometry,0.18,0.44
furniture_seating_indoor_03_122,Chair,Victorian 5,solid,pixels,0.3,0.73
furniture_seating_indoor_03_123,Chair,Victorian 5,solid,pixels,0.3,0.73
furniture_seating_indoor_03_124,Chair,Victorian 6,solid,geometry,0.11,0.27
furniture_seating_indoor_03_125,Chair,Victorian 6,solid,geometry,0.12,0.29
furniture_seating_indoor_03_126,Chair,Victorian 6,solid,geometry,0.18,0.44
furniture_seating_indoor_03_127,Chair,Victorian 6,solid,geometry,0.25,0.61
furniture_seating_indoor_03_128,Couch,Victorian C5,solid,geometry,0.22,0.54
furniture_seating_indoor_03_129,Couch,Victorian C5,solid,geometry,0.22,0.54
furniture_seating_indoor_03_13,Couch,Light Blue,solid,geometry,0.21,0.51
furniture_seating_indoor_03_130,Couch,Victorian C5,solid,geometry,0.22,0.54
furniture_seating_indoor_03_131,Couch,Victorian C5,solid,geometry,0.23,0.56
furniture_seating_indoor_03_132,Couch,Victorian C5,solid,geometry,0.33,0.81
furniture_seating_indoor_03_133,Couch,Victorian C5,solid,geometry,0.33,0.81
furniture_seating_indoor_03_134,Couch,Victorian C5,solid,geometry,0.33,0.81
furniture_seating_indoor_03_135,Couch,Victorian C5,solid,geometry,0.33,0.81
furniture_seating_indoor_03_136,Couch,Victorian C6,solid,geometry,0.43,1.05
furniture_seating_indoor_03_137,Couch,Victorian C6,solid,geometry,0.15,0.37
furniture_seating_indoor_03_138,Couch,Victorian C6,solid,geometry,0.17,0.42
furniture_seating_indoor_03_139,Couch,Victorian C6,solid,geometry,0.18,0.44
furniture_seating_indoor_03_14,Couch,Light Blue,solid,pixels,0.29,0.71
furniture_seating_indoor_03_140,Couch,Victorian C6,solid,geometry,0.16,0.39
furniture_seating_indoor_03_141,Couch,Victorian C6,solid,geometry,0.24,0.59
furniture_seating_indoor_03_142,Couch,Victorian C6,solid,geometry,0.24,0.59
furniture_seating_indoor_03_143,Couch,Victorian C6,solid,geometry,0.21,0.51
furniture_seating_indoor_03_144,Chair,Rocking,solid,geometry,0.16,0.39
furniture_seating_indoor_03_145,Chair,Rocking,solid,geometry,0.16,0.39
furniture_seating_indoor_03_146,Chair,Rocking,solid,geometry,0.16,0.39
furniture_seating_indoor_03_147,Chair,Rocking,solid,geometry,0.16,0.39
furniture_seating_indoor_03_148,Chair,Rocking 2,solid,alias,0.16,0.39
furniture_seating_indoor_03_149,Chair,Rocking 2,solid,alias,0.16,0.39
furniture_seating_indoor_03_15,Couch,Light Blue,solid,pixels,0.3,0.73
furniture_seating_indoor_03_150,Chair,Rocking 2,solid,alias,0.16,0.39
furniture_seating_indoor_03_151,Chair,Rocking 2,solid,alias,0.16,0.39
furniture_seating_indoor_03_16,Couch,Yellow Modern,solid,geometry,0.19,0.47
furniture_seating_indoor_03_17,Couch,Yellow Modern,solid,geometry,0.19,0.47
furniture_seating_indoor_03_18,Couch,Yellow Modern,solid,pixels,0.33,0.81
furniture_seating_indoor_03_19,Couch,Yellow Modern,solid,pixels,0.31,0.76
furniture_seating_indoor_03_2,Bench,Sports,standable,geometry,0.18,0.44
furniture_seating_indoor_03_20,Couch,Yellow Modern,solid,geometry,0.19,0.47
furniture_seating_indoor_03_21,Couch,Yellow Modern,solid,geometry,0.19,0.47
furniture_seating_indoor_03_22,Couch,Yellow Modern,solid,pixels,0.28,0.69
furniture_seating_indoor_03_23,Couch,Yellow Modern,solid,pixels,0.26,0.64
furniture_seating_indoor_03_24,Chair,Blue Comfy,solid,geometry,0.19,0.47
furniture_seating_indoor_03_25,Chair,Blue Comfy,solid,geometry,0.19,0.47
furniture_seating_indoor_03_26,Chair,Blue Comfy,solid,geometry,0.18,0.44
furniture_seating_indoor_03_27,Chair,Blue Comfy,solid,geometry,0.18,0.44
furniture_seating_indoor_03_28,Chair,Yellow Modern,solid,geometry,0.18,0.44
furniture_seating_indoor_03_29,Chair,Yellow Modern,solid,pixels,0.33,0.81
furniture_seating_indoor_03_3,Bench,Sports,standable,geometry,0.18,0.44
furniture_seating_indoor_03_30,Chair,Yellow Modern,solid,geometry,0.18,0.44
furniture_seating_indoor_03_31,Chair,Yellow Modern,solid,pixels,0.32,0.78
furniture_seating_indoor_03_32,Couch,Blue Comfy,solid,geometry,0.19,0.47
furniture_seating_indoor_03_33,Couch,Blue Comfy,solid,geometry,0.19,0.47
furniture_seating_indoor_03_34,Couch,Blue Comfy,solid,pixels,0.4,0.98
furniture_seating_indoor_03_35,Couch,Blue Comfy,solid,pixels,0.36,0.88
furniture_seating_indoor_03_36,Couch,Blue Comfy,solid,pixels,0.29,0.71
furniture_seating_indoor_03_37,Couch,Blue Comfy,solid,pixels,0.26,0.64
furniture_seating_indoor_03_38,Couch,Blue Comfy,solid,geometry,0.19,0.47
furniture_seating_indoor_03_39,Couch,Blue Comfy,solid,geometry,0.19,0.47
furniture_seating_indoor_03_4,Chair,Light Blue,solid,geometry,0.2,0.49
furniture_seating_indoor_03_40,Chair,Black Fancy,solid,geometry,0.19,0.47
furniture_seating_indoor_03_41,Chair,Black Fancy,solid,geometry,0.19,0.47
furniture_seating_indoor_03_42,Chair,Black Fancy,solid,pixels,0.32,0.78
furniture_seating_indoor_03_43,Chair,Black Fancy,solid,pixels,0.32,0.78
furniture_seating_indoor_03_44,Chair,Fancy Wooden,standable,geometry,0.2,0.49
furniture_seating_indoor_03_45,Chair,Fancy Wooden,standable,geometry,0.21,0.51
furniture_seating_indoor_03_46,Chair,Fancy Wooden,standable,IsLow default,0.35,0.86
furniture_seating_indoor_03_47,Chair,Fancy Wooden,standable,IsLow default,0.35,0.86
furniture_seating_indoor_03_48,Chair,Darkblue Modern,standable,geometry,0.2,0.49
furniture_seating_indoor_03_49,Chair,Darkblue Modern,standable,geometry,0.2,0.49
furniture_seating_indoor_03_5,Chair,Light Blue,solid,geometry,0.2,0.49
furniture_seating_indoor_03_50,Chair,Darkblue Modern,standable,geometry,0.2,0.49
furniture_seating_indoor_03_51,Chair,Darkblue Modern,standable,geometry,0.2,0.49
furniture_seating_indoor_03_52,Bench,Sturdy,standable,geometry,0.19,0.47
furniture_seating_indoor_03_53,Bench,Sturdy,standable,geometry,0.19,0.47
furniture_seating_indoor_03_54,Bench,Sturdy,standable,IsLow default,0.35,0.86
furniture_seating_indoor_03_55,Bench,Sturdy,standable,IsLow default,0.35,0.86
furniture_seating_indoor_03_56,Chair,White Simple,standable,geometry,0.17,0.42
furniture_seating_indoor_03_57,Chair,White Simple,standable,geometry,0.18,0.44
furniture_seating_indoor_03_58,Chair,White Simple,standable,IsLow default,0.35,0.86
furniture_seating_indoor_03_59,Chair,White Simple,standable,geometry,0.18,0.44
furniture_seating_indoor_03_6,Chair,Light Blue,solid,pixels,0.3,0.73
furniture_seating_indoor_03_60,Chair,Modern White,solid,pixels,0.34,0.83
furniture_seating_indoor_03_61,Chair,Modern White,solid,pixels,0.29,0.71
furniture_seating_indoor_03_64,Bench,Wooden,standable,geometry,0.18,0.44
furniture_seating_indoor_03_65,Bench,Wooden,standable,geometry,0.18,0.44
furniture_seating_indoor_03_66,Bench,Wooden,standable,geometry,0.18,0.44
furniture_seating_indoor_03_67,Bench,Wooden,standable,geometry,0.18,0.44
furniture_seating_indoor_03_68,Chair,Grey Plastic,standable,IsLow default,0.35,0.86
furniture_seating_indoor_03_69,Chair,Grey Plastic,standable,IsLow default,0.35,0.86
furniture_seating_indoor_03_7,Chair,Light Blue,solid,pixels,0.3,0.73
furniture_seating_indoor_03_70,Chair,Grey Plastic,standable,IsLow default,0.35,0.86
furniture_seating_indoor_03_71,Chair,Grey Plastic,standable,IsLow default,0.35,0.86
furniture_seating_indoor_03_72,Couch,Victorian C1,solid,geometry,0.19,0.47
furniture_seating_indoor_03_73,Couch,Victorian C1,solid,geometry,0.19,0.47
furniture_seating_indoor_03_74,Couch,Victorian C1,solid,geometry,0.19,0.47
furniture_seating_indoor_03_75,Couch,Victorian C1,solid,geometry,0.19,0.47
furniture_seating_indoor_03_76,Couch,Victorian C1,solid,pixels,0.3,0.73
furniture_seating_indoor_03_77,Couch,Victorian C1,solid,pixels,0.25,0.61
furniture_seating_indoor_03_78,Couch,Victorian C1,solid,pixels,0.25,0.61
furniture_seating_indoor_03_79,Couch,Victorian C1,solid,pixels,0.3,0.73
furniture_seating_indoor_03_8,Couch,Light Blue,solid,geometry,0.21,0.51
furniture_seating_indoor_03_80,Chair,Victorian 1,solid,geometry,0.18,0.44
furniture_seating_indoor_03_81,Chair,Victorian 1,solid,geometry,0.18,0.44
furniture_seating_indoor_03_82,Chair,Victorian 1,solid,pixels,0.31,0.76
furniture_seating_indoor_03_83,Chair,Victorian 1,solid,pixels,0.3,0.73
furniture_seating_indoor_03_84,Chair,Victorian 2,solid,geometry,0.18,0.44
furniture_seating_indoor_03_85,Chair,Victorian 2,solid,geometry,0.18,0.44
furniture_seating_indoor_03_86,Chair,Victorian 2,solid,pixels,0.31,0.76
furniture_seating_indoor_03_87,Chair,Victorian 2,solid,pixels,0.31,0.76
furniture_seating_indoor_03_88,Couch,Victorian C2,solid,geometry,0.19,0.47
furniture_seating_indoor_03_89,Couch,Victorian C2,solid,geometry,0.19,0.47
furniture_seating_indoor_03_9,Couch,Light Blue,solid,geometry,0.21,0.51
furniture_seating_indoor_03_90,Couch,Victorian C2,solid,geometry,0.19,0.47
furniture_seating_indoor_03_91,Couch,Victorian C2,solid,geometry,0.19,0.47
furniture_seating_indoor_03_92,Couch,Victorian C2,solid,pixels,0.3,0.73
furniture_seating_indoor_03_93,Couch,Victorian C2,solid,pixels,0.25,0.61
furniture_seating_indoor_03_94,Couch,Victorian C2,solid,pixels,0.25,0.61
furniture_seating_indoor_03_95,Couch,Victorian C2,solid,pixels,0.29,0.71
furniture_seating_indoor_03_96,Chair,Victorian 3,solid,geometry,0.18,0.44
furniture_seating_indoor_03_97,Chair,Victorian 3,solid,geometry,0.19,0.47
furniture_seating_indoor_03_98,Chair,Victorian 3,solid,pixels,0.3,0.73
furniture_seating_indoor_03_99,Chair,Victorian 3,solid,pixels,0.3,0.73
furniture_seating_outdoor_01_0,Bench,Park,solid,geometry,0.2,0.49
furniture_seating_outdoor_01_1,Bench,Park,solid,geometry,0.2,0.49
furniture_seating_outdoor_01_10,Bench,Fancy Outdoors,solid,geometry,0.2,0.49
furniture_seating_outdoor_01_11,Bench,Fancy Outdoors,solid,geometry,0.2,0.49
furniture_seating_outdoor_01_12,Bench,Fancy Outdoors,solid,geometry,0.2,0.49
furniture_seating_outdoor_01_13,Bench,Fancy Outdoors,solid,geometry,0.2,0.49
furniture_seating_outdoor_01_14,Bench,Fancy Outdoors,solid,geometry,0.2,0.49
furniture_seating_outdoor_01_15,Bench,Fancy Outdoors,solid,geometry,0.2,0.49
furniture_seating_outdoor_01_16,Chair,Plastic,standable,geometry,0.18,0.44
furniture_seating_outdoor_01_17,Chair,Plastic,standable,geometry,0.18,0.44
furniture_seating_outdoor_01_18,Chair,Plastic,standable,IsLow default,0.35,0.86
furniture_seating_outdoor_01_19,Chair,Plastic,standable,IsLow default,0.35,0.86
furniture_seating_outdoor_01_2,Bench,Park,solid,geometry,0.2,0.49
furniture_seating_outdoor_01_25,Chair,Beach,solid,pixels,0.24,0.59
furniture_seating_outdoor_01_26,Chair,Beach,solid,pixels,0.26,0.64
furniture_seating_outdoor_01_28,Chair,Beach,solid,pixels,0.22,0.54
furniture_seating_outdoor_01_29,Chair,Beach,solid,pixels,0.1,0.24
furniture_seating_outdoor_01_3,Bench,Park,solid,geometry,0.2,0.49
furniture_seating_outdoor_01_30,Chair,Beach,solid,pixels,0.1,0.24
furniture_seating_outdoor_01_31,Chair,Beach,solid,pixels,0.21,0.51
furniture_seating_outdoor_01_32,Bench,Birchwood,standable,geometry,0.17,0.42
furniture_seating_outdoor_01_33,Bench,Birchwood,standable,geometry,0.17,0.42
furniture_seating_outdoor_01_34,Bench,Birchwood,standable,geometry,0.17,0.42
furniture_seating_outdoor_01_35,Bench,Birchwood,standable,geometry,0.17,0.42
furniture_seating_outdoor_01_4,Bench,Park,solid,geometry,0.2,0.49
furniture_seating_outdoor_01_5,Bench,Park,solid,geometry,0.2,0.49
furniture_seating_outdoor_01_6,Bench,Park,solid,geometry,0.2,0.49
furniture_seating_outdoor_01_7,Bench,Park,solid,geometry,0.2,0.49
furniture_seating_outdoor_01_8,Bench,Fancy Outdoors,solid,geometry,0.2,0.49
furniture_seating_outdoor_01_9,Bench,Fancy Outdoors,solid,geometry,0.2,0.49
furniture_shelving_01_10,Shelves,Big Wall,solid,geometry,0.66,1.62
furniture_shelving_01_11,Shelves,Big Wall,solid,geometry,0.62,1.52
furniture_shelving_01_12,Shelves,Big Wall,solid,geometry,0.62,1.52
furniture_shelving_01_13,Shelves,Big Wall Corner,solid,geometry,0.82,2.01
furniture_shelving_01_14,Shelves,Big Wall Corner,solid,geometry,0.66,1.62
furniture_shelving_01_15,Shelves,Big Wall Corner,solid,geometry,0.66,1.62
furniture_shelving_01_16,Shelves,Corner A,solid,geometry,0.33,0.81
furniture_shelving_01_17,Shelves,Middle,solid,geometry,0.33,0.81
furniture_shelving_01_18,Shelves,Corner B,solid,geometry,0.33,0.81
furniture_shelving_01_19,Shelves,Low,solid,geometry,0.33,0.81
furniture_shelving_01_20,Shelves,Corner A,solid,geometry,0.33,0.81
furniture_shelving_01_21,Shelves,Middle,solid,geometry,0.33,0.81
furniture_shelving_01_22,Shelves,Corner B,solid,geometry,0.33,0.81
furniture_shelving_01_23,Shelves,Low,solid,geometry,0.33,0.81
furniture_shelving_01_24,Shelves,Large Metal,solid,geometry,0.67,1.64
furniture_shelving_01_25,Shelves,Large Metal,solid,geometry,0.67,1.64
furniture_shelving_01_26,Shelves,Large Metal,solid,geometry,0.67,1.64
furniture_shelving_01_27,Shelves,Large Metal,solid,geometry,0.67,1.64
furniture_shelving_01_40,Shelves,Oakwood,solid,geometry,0.84,2.06
furniture_shelving_01_41,Shelves,Oakwood,solid,geometry,0.84,2.06
furniture_shelving_01_42,Shelves,Oakwood,solid,geometry,0.84,2.06
furniture_shelving_01_43,Shelves,Oakwood,solid,geometry,0.84,2.06
furniture_shelving_01_44,Shelves,White Fancy,solid,alias,0.84,2.06
furniture_shelving_01_45,Shelves,White Fancy,solid,alias,0.84,2.06
furniture_shelving_01_46,Shelves,White Fancy,solid,alias,0.84,2.06
furniture_shelving_01_47,Shelves,White Fancy,solid,alias,0.84,2.06
furniture_shelving_01_48,Shelves,Corner B,solid,geometry,0.33,0.81
furniture_shelving_01_49,Shelves,Middle,solid,geometry,0.33,0.81
furniture_shelving_01_50,Shelves,Corner A,solid,geometry,0.33,0.81
furniture_shelving_01_51,Shelves,Low,solid,geometry,0.33,0.81
furniture_shelving_01_52,Shelves,Corner B,solid,geometry,0.33,0.81
furniture_shelving_01_53,Shelves,Middle,solid,geometry,0.33,0.81
furniture_shelving_01_54,Shelves,Corner A,solid,geometry,0.33,0.81
furniture_shelving_01_55,Shelves,Low,solid,geometry,0.33,0.81
furniture_shelving_01_8,Shelves,Big Wall Corner,solid,geometry,0.66,1.62
furniture_shelving_01_9,Shelves,Big Wall,solid,geometry,0.66,1.62
furniture_storage_01_0,Wardrobe,Fancy White,solid,geometry,0.83,2.03
furniture_storage_01_1,Wardrobe,Fancy White,solid,geometry,0.83,2.03
furniture_storage_01_10,Drawers,Fancy,solid,geometry,0.33,0.81
furniture_storage_01_11,Drawers,Fancy,solid,geometry,0.34,0.83
furniture_storage_01_12,Drawers,Fancy Oak,solid,alias,0.33,0.81
furniture_storage_01_13,Drawers,Fancy Oak,solid,alias,0.33,0.81
furniture_storage_01_14,Drawers,Fancy Oak,solid,alias,0.33,0.81
furniture_storage_01_15,Drawers,Fancy Oak,solid,alias,0.34,0.83
furniture_storage_01_16,Wardrobe,Fancy Oak,solid,geometry,0.83,2.03
furniture_storage_01_17,Wardrobe,Fancy Oak,solid,geometry,0.83,2.03
furniture_storage_01_18,Wardrobe,Fancy Oak,solid,geometry,0.79,1.94
furniture_storage_01_19,Wardrobe,Fancy Oak,solid,geometry,0.79,1.94
furniture_storage_01_2,Wardrobe,Fancy White,solid,geometry,0.83,2.03
furniture_storage_01_20,Wardrobe,Fancy Oak,solid,geometry,0.83,2.03
furniture_storage_01_21,Wardrobe,Fancy Oak,solid,geometry,0.83,2.03
furniture_storage_01_22,Wardrobe,Fancy Oak,solid,geometry,0.79,1.94
furniture_storage_01_23,Wardrobe,Fancy Oak,solid,geometry,0.79,1.94
furniture_storage_01_24,Wardrobe,Dark Fancy,solid,geometry,0.79,1.94
furniture_storage_01_25,Wardrobe,Dark Fancy,solid,geometry,0.79,1.94
furniture_storage_01_26,Wardrobe,Dark Fancy,solid,geometry,0.79,1.94
furniture_storage_01_27,Wardrobe,Dark Fancy,solid,geometry,0.79,1.94
furniture_storage_01_28,Wardrobe,Dark Fancy,solid,geometry,0.79,1.94
furniture_storage_01_29,Wardrobe,Dark Fancy,solid,geometry,0.79,1.94
furniture_storage_01_3,Wardrobe,Fancy White,solid,geometry,0.83,2.03
furniture_storage_01_30,Wardrobe,Dark Fancy,solid,geometry,0.79,1.94
furniture_storage_01_31,Wardrobe,Dark Fancy,solid,geometry,0.79,1.94
furniture_storage_01_32,Drawers,Dark Fancy,solid,geometry,0.35,0.86
furniture_storage_01_33,Drawers,Dark Fancy,solid,geometry,0.35,0.86
furniture_storage_01_34,Drawers,Dark Fancy,solid,geometry,0.35,0.86
furniture_storage_01_35,Drawers,Dark Fancy,solid,geometry,0.35,0.86
furniture_storage_01_36,Wardrobe,Oak,solid,geometry,0.88,2.16
furniture_storage_01_37,Wardrobe,Oak,solid,geometry,0.88,2.16
furniture_storage_01_38,Wardrobe,Oak,solid,geometry,0.89,2.18
furniture_storage_01_39,Wardrobe,Oak,solid,geometry,0.89,2.18
furniture_storage_01_4,Wardrobe,Fancy White,solid,geometry,0.83,2.03
furniture_storage_01_40,Drawers,Mirror And,solid,pixels,0.67,1.64
furniture_storage_01_41,Drawers,Mirror And,solid,pixels,0.67,1.64
furniture_storage_01_42,Drawers,Mirror And,solid,geometry,0.35,0.86
furniture_storage_01_43,Drawers,Mirror And,solid,geometry,0.35,0.86
furniture_storage_01_44,Drawers,Light Wood,solid,geometry,0.35,0.86
furniture_storage_01_45,Drawers,Light Wood,solid,geometry,0.35,0.86
furniture_storage_01_46,Drawers,Light Wood,solid,geometry,0.35,0.86
furniture_storage_01_47,Drawers,Light Wood,solid,geometry,0.35,0.86
furniture_storage_01_48,Drawers,Bedroom,solid,geometry,0.36,0.88
furniture_storage_01_49,Drawers,Bedroom,solid,geometry,0.36,0.88
furniture_storage_01_5,Wardrobe,Fancy White,solid,geometry,0.83,2.03
furniture_storage_01_50,Drawers,Bedroom,solid,geometry,0.36,0.88
furniture_storage_01_51,Drawers,Bedroom,solid,geometry,0.36,0.88
furniture_storage_01_52,Table,Small,solid,geometry,0.23,0.56
furniture_storage_01_53,Table,Small,solid,geometry,0.23,0.56
furniture_storage_01_54,Table,Small,solid,geometry,0.23,0.56
furniture_storage_01_55,Table,Small,solid,geometry,0.23,0.56
furniture_storage_01_56,Wardrobe,Light Wood,solid,geometry,0.76,1.86
furniture_storage_01_57,Wardrobe,Light Wood,solid,geometry,0.76,1.86
furniture_storage_01_58,Wardrobe,Light Wood,solid,geometry,0.75,1.84
furniture_storage_01_59,Wardrobe,Light Wood,solid,geometry,0.75,1.84
furniture_storage_01_6,Wardrobe,Fancy White,solid,geometry,0.83,2.03
furniture_storage_01_60,Wardrobe,Light Wood,solid,geometry,0.75,1.84
furniture_storage_01_61,Wardrobe,Light Wood,solid,geometry,0.75,1.84
furniture_storage_01_62,Wardrobe,Light Wood,solid,geometry,0.75,1.84
furniture_storage_01_63,Wardrobe,Light Wood,solid,geometry,0.75,1.84
furniture_storage_01_64,Drawers,Lit Mirror And,solid,pixels,0.67,1.64
furniture_storage_01_65,Drawers,Lit Mirror And,solid,pixels,0.67,1.64
furniture_storage_01_66,Drawers,Lit Mirror And,solid,geometry,0.35,0.86
furniture_storage_01_67,Drawers,Lit Mirror And,solid,geometry,0.35,0.86
furniture_storage_01_7,Wardrobe,Fancy White,solid,geometry,0.83,2.03
furniture_storage_01_8,Drawers,Fancy,solid,geometry,0.33,0.81
furniture_storage_01_9,Drawers,Fancy,solid,geometry,0.33,0.81
furniture_storage_02_0,Locker,Metal,solid,geometry,0.72,1.76
furniture_storage_02_1,Locker,Metal,solid,geometry,0.72,1.76
furniture_storage_02_10,Locker,Green Wall,solid,geometry,0.51,1.25
furniture_storage_02_11,Locker,Green Wall,solid,geometry,0.51,1.25
furniture_storage_02_12,Locker,Yellow Wall,solid,alias,0.71,1.74
furniture_storage_02_13,Locker,Yellow Wall,solid,alias,0.71,1.74
furniture_storage_02_14,Locker,Yellow Wall,solid,alias,0.78,1.91
furniture_storage_02_15,Locker,Yellow Wall,solid,alias,0.78,1.91
furniture_storage_02_16,Cartbox,,solid,geometry,0.36,0.88
furniture_storage_02_17,Cartbox,,solid,alias,0.36,0.88
furniture_storage_02_18,Cartbox,,solid,alias,0.36,0.88
furniture_storage_02_19,Cartbox,,solid,alias,0.36,0.88
furniture_storage_02_2,Locker,Metal,solid,geometry,0.72,1.76
furniture_storage_02_20,Wardrobe,Oak,solid,geometry,0.88,2.16
furniture_storage_02_21,Wardrobe,Oak,solid,geometry,0.88,2.16
furniture_storage_02_22,Wardrobe,Oak,solid,geometry,0.88,2.16
furniture_storage_02_23,Wardrobe,Oak,solid,geometry,0.88,2.16
furniture_storage_02_24,Cartbox,,solid,geometry,0.68,1.67
furniture_storage_02_25,Cartbox,,solid,alias,0.68,1.67
furniture_storage_02_26,Cartbox,,solid,alias,0.68,1.67
furniture_storage_02_27,Cartbox,,solid,alias,0.68,1.67
furniture_storage_02_28,Chest,Small,standable,geometry,0.18,0.44
furniture_storage_02_29,Chest,Small,standable,geometry,0.18,0.44
furniture_storage_02_3,Locker,Metal,solid,geometry,0.72,1.76
furniture_storage_02_30,Chest,Small,standable,geometry,0.18,0.44
furniture_storage_02_31,Chest,Small,standable,geometry,0.18,0.44
furniture_storage_02_32,Cabinet,China,solid,geometry,0.3,0.73
furniture_storage_02_33,Cabinet,China,solid,geometry,0.3,0.73
furniture_storage_02_34,Cabinet,China,solid,geometry,0.3,0.73
furniture_storage_02_35,Cabinet,China,solid,geometry,0.3,0.73
furniture_storage_02_36,Cabinet,China,solid,pixels,0.73,1.79
furniture_storage_02_37,Cabinet,China,solid,pixels,0.69,1.69
furniture_storage_02_38,Cabinet,China,solid,pixels,0.69,1.69
furniture_storage_02_39,Cabinet,China,solid,pixels,0.74,1.81
furniture_storage_02_4,Locker,Blue Wall,solid,geometry,0.71,1.74
furniture_storage_02_40,Wardrobe,White,solid,geometry,0.76,1.86
furniture_storage_02_41,Wardrobe,White,solid,geometry,0.76,1.86
furniture_storage_02_42,Wardrobe,White,solid,geometry,0.76,1.86
furniture_storage_02_43,Wardrobe,White,solid,geometry,0.76,1.86
furniture_storage_02_44,Wardrobe,White,solid,geometry,0.76,1.86
furniture_storage_02_45,Wardrobe,White,solid,geometry,0.76,1.86
furniture_storage_02_46,Wardrobe,White,solid,geometry,0.76,1.86
furniture_storage_02_47,Wardrobe,White,solid,geometry,0.76,1.86
furniture_storage_02_5,Locker,Blue Wall,solid,geometry,0.71,1.74
furniture_storage_02_6,Locker,Blue Wall,solid,geometry,0.78,1.91
furniture_storage_02_7,Locker,Blue Wall,solid,geometry,0.78,1.91
furniture_storage_02_8,Locker,Green Wall,solid,geometry,0.51,1.25
furniture_storage_02_9,Locker,Green Wall,solid,geometry,0.51,1.25
furniture_tables_high_01_0,Table,Large Dark Oak,solid,geometry,0.33,0.81
furniture_tables_high_01_1,Table,Large Dark Oak,solid,geometry,0.33,0.81
furniture_tables_high_01_10,Table,Large Brown,solid,alias,0.33,0.81
furniture_tables_high_01_11,Table,Large Brown,solid,alias,0.33,0.81
furniture_tables_high_01_12,Table,Long Light,solid,alias,0.31,0.76
furniture_tables_high_01_13,Table,Long Light,solid,alias,0.31,0.76
furniture_tables_high_01_14,Round Table,,solid,alias,0.24,0.59
furniture_tables_high_01_15,Fancy Table,,solid,geometry,0.33,0.81
furniture_tables_high_01_16,Fancy Dark Table,,solid,geometry,0.31,0.76
furniture_tables_high_01_17,Table,Large Dark,solid,geometry,0.31,0.76
furniture_tables_high_01_18,Table,Large Dark,solid,geometry,0.31,0.76
furniture_tables_high_01_19,Table,Large Dark,solid,geometry,0.31,0.76
furniture_tables_high_01_2,Table,Large Dark Oak,solid,geometry,0.33,0.81
furniture_tables_high_01_20,Table,Large Dark,solid,geometry,0.31,0.76
furniture_tables_high_01_21,Table,Long Dark,solid,alias,0.31,0.76
furniture_tables_high_01_22,Table,Long Dark,solid,alias,0.31,0.76
furniture_tables_high_01_23,Dark Round Table,,solid,alias,0.24,0.59
furniture_tables_high_01_24,Desk,Lightwood,solid,geometry,0.35,0.86
furniture_tables_high_01_25,Desk,Lightwood,solid,geometry,0.35,0.86
furniture_tables_high_01_26,Desk,Lightwood,solid,geometry,0.35,0.86
furniture_tables_high_01_27,Desk,Lightwood,solid,geometry,0.35,0.86
furniture_tables_high_01_28,Desk,Lightwood,solid,geometry,0.35,0.86
furniture_tables_high_01_29,Desk,Lightwood,solid,geometry,0.35,0.86
furniture_tables_high_01_3,Table,Large Dark Oak,solid,geometry,0.33,0.81
furniture_tables_high_01_30,Desk,Lightwood,solid,geometry,0.35,0.86
furniture_tables_high_01_31,Desk,Lightwood,solid,geometry,0.35,0.86
furniture_tables_high_01_32,Table,Large Oak,solid,geometry,0.33,0.81
furniture_tables_high_01_33,Table,Large Oak,solid,geometry,0.33,0.81
furniture_tables_high_01_34,Table,Large Oak,solid,geometry,0.33,0.81
furniture_tables_high_01_35,Table,Large Oak,solid,geometry,0.33,0.81
furniture_tables_high_01_36,Table,Large White,solid,geometry,0.32,0.78
furniture_tables_high_01_37,Table,Large White,solid,geometry,0.32,0.78
furniture_tables_high_01_38,Table,Large White,solid,geometry,0.32,0.78
furniture_tables_high_01_39,Table,Large White,solid,geometry,0.32,0.78
furniture_tables_high_01_4,Table,Long,solid,geometry,0.31,0.76
furniture_tables_high_01_40,Table,Large Dark Wooden,solid,alias,0.33,0.81
furniture_tables_high_01_41,Table,Large Dark Wooden,solid,alias,0.33,0.81
furniture_tables_high_01_42,Table,Large Dark Wooden,solid,alias,0.33,0.81
furniture_tables_high_01_43,Table,Large Dark Wooden,solid,alias,0.33,0.81
furniture_tables_high_01_44,Table,Large White,solid,geometry,0.34,0.83
furniture_tables_high_01_45,Table,Large White,solid,geometry,0.34,0.83
furniture_tables_high_01_46,Table,Large White,solid,geometry,0.34,0.83
furniture_tables_high_01_47,Table,Large White,solid,geometry,0.34,0.83
furniture_tables_high_01_48,Table,Large Smooth,solid,geometry,0.27,0.66
furniture_tables_high_01_49,Table,Large Smooth,solid,geometry,0.27,0.66
furniture_tables_high_01_5,Table,Long,solid,geometry,0.31,0.76
furniture_tables_high_01_50,Table,Large Smooth,solid,geometry,0.27,0.66
furniture_tables_high_01_51,Table,Large Smooth,solid,geometry,0.27,0.66
furniture_tables_high_01_52,Table,Large Simple,solid,geometry,0.3,0.73
furniture_tables_high_01_53,Table,Large Simple,solid,geometry,0.3,0.73
furniture_tables_high_01_54,Table,Large Simple,solid,geometry,0.3,0.73
furniture_tables_high_01_55,Table,Large Simple,solid,geometry,0.3,0.73
furniture_tables_high_01_56,Table,Large Plastic,solid,geometry,0.3,0.73
furniture_tables_high_01_57,Table,Large Plastic,solid,geometry,0.3,0.73
furniture_tables_high_01_58,Table,Large Plastic,solid,geometry,0.3,0.73
furniture_tables_high_01_59,Table,Large Plastic,solid,geometry,0.3,0.73
furniture_tables_high_01_6,Oak Round Table,,solid,geometry,0.24,0.59
furniture_tables_high_01_60,Table,Large Light Oak,solid,geometry,0.33,0.81
furniture_tables_high_01_61,Table,Large Light Oak,solid,geometry,0.33,0.81
furniture_tables_high_01_62,Table,Large Light Oak,solid,geometry,0.33,0.81
furniture_tables_high_01_63,Table,Large Light Oak,solid,geometry,0.33,0.81
furniture_tables_high_01_7,Light Round Table,,solid,alias,0.24,0.59
furniture_tables_high_01_8,Table,Large Brown,solid,alias,0.33,0.81
furniture_tables_high_01_9,Table,Large Brown,solid,alias,0.33,0.81
furniture_tables_high_02_0,Table,Long Dark Oak,solid,geometry,0.32,0.78
furniture_tables_high_02_1,Table,Long Dark Oak,solid,geometry,0.32,0.78
furniture_tables_high_02_10,Table,Long Brown,solid,geometry,0.33,0.81
furniture_tables_high_02_11,Table,Long Brown,solid,geometry,0.32,0.78
furniture_tables_high_02_12,Table,Long Brown,solid,geometry,0.33,0.81
furniture_tables_high_02_13,Table,Long Brown,solid,geometry,0.33,0.81
furniture_tables_high_02_14,Table,Large Dark,solid,geometry,0.29,0.71
furniture_tables_high_02_15,Table,Large Dark,solid,geometry,0.29,0.71
furniture_tables_high_02_16,Table,Long Metal,solid,geometry,0.28,0.69
furniture_tables_high_02_17,Table,Long Metal,solid,geometry,0.28,0.69
furniture_tables_high_02_18,Table,Long Metal,solid,geometry,0.28,0.69
furniture_tables_high_02_19,Table,Long Metal,solid,geometry,0.29,0.71
furniture_tables_high_02_2,Table,Long Dark Oak,solid,geometry,0.32,0.78
furniture_tables_high_02_20,Table,Long Metal,solid,geometry,0.29,0.71
furniture_tables_high_02_21,Table,Long Metal,solid,geometry,0.29,0.71
furniture_tables_high_02_22,Table,Large Light,solid,geometry,0.33,0.81
furniture_tables_high_02_23,Table,Large Light,solid,geometry,0.33,0.81
furniture_tables_high_02_24,Table,Long Oak,solid,geometry,0.33,0.81
furniture_tables_high_02_25,Table,Long Oak,solid,geometry,0.33,0.81
furniture_tables_high_02_26,Table,Long Oak,solid,geometry,0.33,0.81
furniture_tables_high_02_27,Table,Long Oak,solid,geometry,0.33,0.81
furniture_tables_high_02_28,Table,Long Oak,solid,geometry,0.33,0.81
furniture_tables_high_02_29,Table,Long Oak,solid,geometry,0.33,0.81
furniture_tables_high_02_3,Table,Long Dark Oak,solid,geometry,0.32,0.78
furniture_tables_high_02_30,Table,Large Light,solid,geometry,0.33,0.81
furniture_tables_high_02_31,Table,Large Light,solid,geometry,0.33,0.81
furniture_tables_high_02_32,Table,Long White,solid,geometry,0.32,0.78
furniture_tables_high_02_33,Table,Long White,solid,geometry,0.32,0.78
furniture_tables_high_02_34,Table,Long White,solid,geometry,0.32,0.78
furniture_tables_high_02_35,Table,Long White,solid,geometry,0.32,0.78
furniture_tables_high_02_36,Table,Long White,solid,geometry,0.32,0.78
furniture_tables_high_02_37,Table,Long White,solid,geometry,0.32,0.78
furniture_tables_high_02_4,Table,Long Dark Oak,solid,geometry,0.32,0.78
furniture_tables_high_02_5,Table,Long Dark Oak,solid,geometry,0.32,0.78
furniture_tables_high_02_6,Table,Large Dark,solid,geometry,0.29,0.71
furniture_tables_high_02_7,Table,Large Dark,solid,geometry,0.29,0.71
furniture_tables_high_02_8,Table,Long Brown,solid,geometry,0.33,0.81
furniture_tables_high_02_9,Table,Long Brown,solid,geometry,0.33,0.81
furniture_tables_low_01_0,Low Table,Long,solid,geometry,0.16,0.39
furniture_tables_low_01_1,Low Table,Long,solid,geometry,0.16,0.39
furniture_tables_low_01_10,Table,Fancy Low Glass,solid,geometry,0.22,0.54
furniture_tables_low_01_11,Table,Fancy Low Glass,solid,geometry,0.22,0.54
furniture_tables_low_01_12,Low Table,Brown,solid,geometry,0.18,0.44
furniture_tables_low_01_13,Low Table,Brown,solid,geometry,0.18,0.44
furniture_tables_low_01_14,Low Table,Long,solid,geometry,0.16,0.39
furniture_tables_low_01_15,Low Table,Long,solid,geometry,0.16,0.39
furniture_tables_low_01_16,Low Table,Light,solid,geometry,0.18,0.44
furniture_tables_low_01_17,Low Table,Light,solid,geometry,0.18,0.44
furniture_tables_low_01_18,Table,Black Low Modern,solid,geometry,0.19,0.47
furniture_tables_low_01_19,Table,Black Low Modern,solid,geometry,0.18,0.44
furniture_tables_low_01_2,Low Table,Fancy,solid,geometry,0.16,0.39
furniture_tables_low_01_20,Low Table,White,solid,geometry,0.21,0.51
furniture_tables_low_01_21,Low Table,White,solid,geometry,0.21,0.51
furniture_tables_low_01_3,Low Table,Fancy,solid,geometry,0.16,0.39
furniture_tables_low_01_4,Low Table,Long Fancy,solid,geometry,0.16,0.39
furniture_tables_low_01_5,Low Table,Long Fancy,solid,geometry,0.16,0.39
furniture_tables_low_01_6,Low Table,Long Fancy,solid,geometry,0.16,0.39
furniture_tables_low_01_7,Low Table,Long Fancy,solid,geometry,0.16,0.39
furniture_tables_low_01_8,Table,Fancy Low Glass,solid,geometry,0.22,0.54
furniture_tables_low_01_9,Table,Fancy Low Glass,solid,geometry,0.22,0.54
industry_01_22,Barrel,Orange,solid,pixels,0.27,0.66
industry_01_23,Barrel,Orange,solid,pixels,0.27,0.66
industry_01_50,,,solid,geometry,0.37,0.91
industry_01_51,,,solid,geometry,0.37,0.91
industry_01_52,,,solid,geometry,0.37,0.91
industry_01_53,,,solid,geometry,0.37,0.91
industry_01_54,,,solid,geometry,0.37,0.91
industry_01_55,,,solid,geometry,0.37,0.91
industry_02_136,,,solid,pixels,0.08,0.2
industry_02_137,,,solid,pixels,0.2,0.49
industry_02_138,,,solid,pixels,0.14,0.34
industry_02_139,,,solid,pixels,0.14,0.34
industry_02_146,,,standable,IsLow default,0.35,0.86
industry_02_150,,,standable,geometry,0.17,0.42
industry_02_152,,,standable,geometry,0.35,0.86
industry_02_153,,,standable,geometry,0.35,0.86
industry_02_154,,,standable,geometry,0.35,0.86
industry_02_155,,,standable,geometry,0.35,0.86
industry_02_156,,,standable,geometry,0.33,0.81
industry_02_159,,,standable,geometry,0.33,0.81
industry_02_160,,,solid,geometry,0.87,2.13
industry_02_161,,,solid,geometry,0.87,2.13
industry_02_162,,,solid,geometry,0.87,2.13
industry_02_163,,,solid,geometry,0.87,2.13
industry_02_164,,,solid,geometry,0.86,2.11
industry_02_165,,,solid,geometry,0.87,2.13
industry_02_167,,,solid,geometry,0.87,2.13
industry_02_168,,,solid,geometry,0.87,2.13
industry_02_169,,,solid,geometry,0.87,2.13
industry_02_170,,,solid,geometry,0.87,2.13
industry_02_171,,,solid,geometry,0.87,2.13
industry_02_172,,,solid,geometry,0.87,2.13
industry_02_173,,,solid,geometry,0.87,2.13
industry_02_174,,,solid,geometry,0.86,2.11
industry_02_175,,,solid,geometry,0.87,2.13
industry_02_224,,,standable,IsLow default,0.35,0.86
industry_02_225,,,standable,IsLow default,0.35,0.86
industry_02_226,,,standable,IsLow default,0.35,0.86
industry_02_227,,,standable,IsLow default,0.35,0.86
industry_02_228,,,standable,IsLow default,0.35,0.86
industry_02_229,,,standable,IsLow default,0.35,0.86
industry_02_230,,,standable,IsLow default,0.35,0.86
industry_02_231,,,standable,IsLow default,0.35,0.86
industry_02_248,,,standable,geometry,0.16,0.39
industry_02_249,,,standable,geometry,0.16,0.39
industry_02_252,,,standable,geometry,0.16,0.39
industry_02_253,,,standable,geometry,0.17,0.42
industry_02_264,,,solid,geometry,0.35,0.86
industry_02_265,,,solid,geometry,0.35,0.86
industry_02_266,,,solid,pixels,0.71,1.74
industry_02_267,,,solid,pixels,0.68,1.67
industry_02_268,,,solid,geometry,0.35,0.86
industry_02_269,,,solid,geometry,0.35,0.86
industry_02_270,,,solid,pixels,0.59,1.45
industry_02_271,,,solid,pixels,0.59,1.45
industry_02_307,,,solid,pixels,0.08,0.2
industry_02_308,,,solid,pixels,0.08,0.2
industry_02_310,,,solid,pixels,0.08,0.2
industry_02_311,,,solid,pixels,0.08,0.2
industry_02_313,,,solid,pixels,0.08,0.2
industry_02_314,,,solid,pixels,0.74,1.81
industry_02_315,,,solid,pixels,0.08,0.2
industry_02_318,,,solid,pixels,0.08,0.2
industry_02_319,,,solid,pixels,0.08,0.2
industry_02_320,,,solid,pixels,0.08,0.2
industry_02_322,,,solid,pixels,0.08,0.2
industry_02_323,,,solid,pixels,0.08,0.2
industry_02_324,,,solid,pixels,0.08,0.2
industry_02_327,,,solid,pixels,0.08,0.2
industry_02_328,,,solid,pixels,0.08,0.2
industry_02_331,,,solid,pixels,0.08,0.2
industry_02_332,,,solid,pixels,0.08,0.2
industry_02_40,,,solid,pixels,0.38,0.93
industry_02_41,,,solid,geometry,0.34,0.83
industry_02_42,,,solid,pixels,0.23,0.56
industry_02_43,,,solid,geometry,0.34,0.83
industry_02_44,,,solid,geometry,0.35,0.86
industry_02_45,,,solid,pixels,0.38,0.93
industry_02_46,,,solid,geometry,0.35,0.86
industry_02_47,,,solid,geometry,0.35,0.86
industry_02_48,,,solid,geometry,0.85,2.08
industry_02_49,,,solid,geometry,0.55,1.35
industry_02_50,,,solid,geometry,0.55,1.35
industry_02_51,,,solid,geometry,0.85,2.08
industry_02_52,,,solid,geometry,0.55,1.35
industry_02_53,,,solid,geometry,0.55,1.35
industry_02_54,,,solid,geometry,0.85,2.08
industry_02_55,,,solid,geometry,0.85,2.08
industry_02_62,,,solid,geometry,0.82,2.01
industry_02_63,,,solid,geometry,0.82,2.01
industry_02_72,,,solid,geometry,0.78,1.91
industry_02_73,,,solid,geometry,0.78,1.91
industry_02_74,,,solid,geometry,0.78,1.91
industry_02_75,,,solid,geometry,0.78,1.91
industry_02_76,,,solid,pixels,0.88,2.16
industry_02_77,,,solid,pixels,0.88,2.16
industry_02_78,,,solid,pixels,0.83,2.03
industry_02_79,,,solid,pixels,0.81,1.98
industry_02_80,,,solid,pixels,0.9,2.2
industry_02_83,,,solid,pixels,0.84,2.06
industry_02_85,,,solid,pixels,0.84,2.06
industry_02_95,,,solid,pixels,0.9,2.2
industry_03_0,,,solid,alias,0.73,1.79
industry_03_1,,,solid,alias,0.73,1.79
industry_03_10,,,solid,alias,0.73,1.79
industry_03_100,Incinerator,Closed,standable,alias,0.24,0.59
industry_03_101,Incinerator,Open,standable,alias,0.24,0.59
industry_03_102,Incinerator,Open,standable,geometry,0.24,0.59
industry_03_103,Incinerator,Closed,standable,alias,0.24,0.59
industry_03_104,Incinerator,Working,standable,alias,0.24,0.59
industry_03_105,Propane Tank,,standable,alias,0.24,0.59
industry_03_106,Incinerator,Working,standable,alias,0.24,0.59
industry_03_107,Propane Tank,,standable,alias,0.24,0.59
industry_03_108,Incinerator,Working,standable,alias,0.24,0.59
industry_03_109,Propane Tank,,standable,alias,0.24,0.59
industry_03_11,,,solid,alias,0.73,1.79
industry_03_110,Propane Tank,,standable,alias,0.24,0.59
industry_03_111,Incinerator,Working,standable,alias,0.24,0.59
industry_03_112,Propane Tank,,standable,geometry,0.27,0.66
industry_03_113,Propane Tank,,standable,alias,0.27,0.66
industry_03_114,Propane Tank,,standable,alias,0.27,0.66
industry_03_115,Propane Tank,,standable,alias,0.27,0.66
industry_03_12,,,solid,alias,0.73,1.79
industry_03_120,,,solid,alias,0.34,0.83
industry_03_121,,,solid,alias,0.34,0.83
industry_03_122,,,solid,alias,0.34,0.83
industry_03_123,,,solid,alias,0.34,0.83
industry_03_124,,,solid,alias,0.34,0.83
industry_03_125,,,solid,alias,0.34,0.83
industry_03_126,,,solid,alias,0.34,0.83
industry_03_127,,,solid,alias,0.34,0.83
industry_03_13,,,solid,alias,0.73,1.79
industry_03_14,,,standable,geometry,0.49,1.2
industry_03_15,,,standable,geometry,0.49,1.2
industry_03_2,,,solid,alias,0.73,1.79
industry_03_22,Extinguisher,,standable,geometry,0.35,0.86
industry_03_23,Extinguisher,,standable,geometry,0.35,0.86
industry_03_24,,,solid,geometry,0.49,1.2
industry_03_25,,,solid,geometry,0.49,1.2
industry_03_26,,,solid,geometry,0.49,1.2
industry_03_27,,,solid,geometry,0.49,1.2
industry_03_3,,,solid,alias,0.73,1.79
industry_03_30,Extinguisher,,standable,geometry,0.35,0.86
industry_03_31,Extinguisher,,standable,geometry,0.35,0.86
industry_03_32,,,solid,geometry,0.73,1.79
industry_03_33,,,solid,alias,0.73,1.79
industry_03_34,,,solid,alias,0.73,1.79
industry_03_35,,,solid,alias,0.73,1.79
industry_03_36,,,solid,alias,0.73,1.79
industry_03_37,,,solid,alias,0.73,1.79
industry_03_4,,,solid,alias,0.73,1.79
industry_03_40,,,solid,alias,0.73,1.79
industry_03_41,,,solid,alias,0.73,1.79
industry_03_42,,,solid,alias,0.73,1.79
industry_03_43,,,solid,alias,0.73,1.79
industry_03_44,,,solid,alias,0.73,1.79
industry_03_45,,,solid,alias,0.73,1.79
industry_03_48,,,solid,geometry,0.71,1.74
industry_03_49,,,solid,geometry,0.71,1.74
industry_03_5,,,solid,alias,0.73,1.79
industry_03_50,,,solid,geometry,0.76,1.86
industry_03_51,,,solid,geometry,0.76,1.86
industry_03_52,,,solid,alias,0.71,1.74
industry_03_53,,,solid,alias,0.71,1.74
industry_03_54,,,solid,alias,0.76,1.86
industry_03_55,,,solid,alias,0.76,1.86
industry_03_56,,,solid,alias,0.71,1.74
industry_03_57,,,solid,alias,0.71,1.74
industry_03_58,,,solid,alias,0.76,1.86
industry_03_59,,,solid,alias,0.76,1.86
industry_03_6,,,standable,geometry,0.49,1.2
industry_03_60,,,solid,alias,0.71,1.74
industry_03_61,,,solid,alias,0.71,1.74
industry_03_62,,,solid,alias,0.76,1.86
industry_03_63,,,solid,alias,0.76,1.86
industry_03_64,Hand Truck,Oxygen Tank in,standable,geometry,0.35,0.86
industry_03_65,Hand Truck,Oxygen Tank in,standable,geometry,0.35,0.86
industry_03_66,Hand Truck,Oxygen Tank in,standable,geometry,0.35,0.86
industry_03_67,Hand Truck,Oxygen Tank in,standable,geometry,0.35,0.86
industry_03_68,Hand Truck,Extinguisher in,standable,geometry,0.35,0.86
industry_03_69,Hand Truck,Extinguisher in,standable,geometry,0.35,0.86
industry_03_7,,,standable,geometry,0.49,1.2
industry_03_70,Hand Truck,Extinguisher in,standable,geometry,0.35,0.86
industry_03_71,Hand Truck,Extinguisher in,standable,geometry,0.35,0.86
industry_03_72,Hand Truck,Empty,standable,geometry,0.35,0.86
industry_03_73,Hand Truck,Empty,standable,geometry,0.35,0.86
industry_03_74,Hand Truck,Empty,standable,geometry,0.35,0.86
industry_03_75,Hand Truck,Empty,standable,geometry,0.35,0.86
industry_03_8,,,solid,alias,0.73,1.79
industry_03_80,,,solid,geometry,0.34,0.83
industry_03_81,,,solid,geometry,0.34,0.83
industry_03_82,,,solid,geometry,0.34,0.83
industry_03_83,,,solid,geometry,0.34,0.83
industry_03_84,,,solid,geometry,0.34,0.83
industry_03_85,,,solid,geometry,0.34,0.83
industry_03_86,,,solid,geometry,0.34,0.83
industry_03_87,,,solid,geometry,0.34,0.83
industry_03_88,,,solid,geometry,0.34,0.83
industry_03_89,,,solid,geometry,0.34,0.83
industry_03_9,,,solid,alias,0.73,1.79
industry_03_90,,,solid,geometry,0.34,0.83
industry_03_91,,,solid,geometry,0.34,0.83
industry_03_92,,,solid,alias,0.34,0.83
industry_03_93,,,solid,alias,0.34,0.83
industry_03_94,,,solid,alias,0.34,0.83
industry_03_95,,,solid,alias,0.34,0.83
industry_03_96,Incinerator,Closed,standable,geometry,0.24,0.59
industry_03_97,Incinerator,Open,standable,geometry,0.24,0.59
industry_03_98,Incinerator,Closed,standable,alias,0.24,0.59
industry_03_99,Incinerator,Open,standable,geometry,0.24,0.59
industry_04_0,,,solid,geometry,0.33,0.81
industry_04_1,,,solid,alias,0.33,0.81
industry_04_2,,,solid,alias,0.33,0.81
industry_04_3,,,solid,alias,0.33,0.81
industry_04_4,,,solid,alias,0.33,0.81
industry_04_5,,,solid,alias,0.33,0.81
industry_04_6,,,solid,alias,0.33,0.81
industry_04_7,,,solid,alias,0.33,0.81
lighting_indoor_03_5,Lamp,Red,standable,geometry,0.71,1.74
location_business_bank_01_24,Counter,Oak Employee Bank,solid,geometry,0.4,0.98
location_business_bank_01_25,Counter,Oak Employee Bank,solid,geometry,0.4,0.98
location_business_bank_01_26,Counter,Oak Employee Bank,solid,geometry,0.4,0.98
location_business_bank_01_27,Counter,Oak Employee Bank,solid,geometry,0.4,0.98
location_business_bank_01_28,Counter,Oak Employee Bank,solid,geometry,0.4,0.98
location_business_bank_01_29,Counter,Oak Employee Bank,solid,geometry,0.4,0.98
location_business_bank_01_30,Counter,Oak Employee Bank,solid,geometry,0.4,0.98
location_business_bank_01_31,Counter,Oak Employee Bank,solid,geometry,0.4,0.98
location_business_bank_01_32,Counter,Employee Bank,solid,alias,0.4,0.98
location_business_bank_01_33,Counter,Employee Bank,solid,alias,0.4,0.98
location_business_bank_01_34,Counter,Employee Bank,solid,alias,0.4,0.98
location_business_bank_01_35,Counter,Employee Bank,solid,alias,0.4,0.98
location_business_bank_01_36,Counter,Employee Bank,solid,alias,0.4,0.98
location_business_bank_01_37,Counter,Employee Bank,solid,alias,0.4,0.98
location_business_bank_01_38,Counter,Employee Bank,solid,alias,0.4,0.98
location_business_bank_01_39,Counter,Employee Bank,solid,alias,0.4,0.98
location_business_bank_01_42,Vault,Standing,solid,geometry,0.86,2.11
location_business_bank_01_43,Vault,Standing,solid,geometry,0.86,2.11
location_business_bank_01_44,Vault,Standing,solid,geometry,0.86,2.11
location_business_bank_01_45,Vault,Standing,solid,geometry,0.86,2.11
location_business_bank_01_48,Counter,Oak bank,solid,geometry,0.4,0.98
location_business_bank_01_49,Counter,Oak bank,solid,geometry,0.4,0.98
location_business_bank_01_50,Counter,Oak bank,solid,geometry,0.4,0.98
location_business_bank_01_51,Counter,Oak bank,solid,geometry,0.4,0.98
location_business_bank_01_52,Counter,Oak bank,solid,geometry,0.4,0.98
location_business_bank_01_53,Counter,Oak bank,solid,geometry,0.4,0.98
location_business_bank_01_54,Counter,Oak bank,solid,geometry,0.4,0.98
location_business_bank_01_55,Counter,Oak bank,solid,geometry,0.4,0.98
location_business_bank_01_56,Counter,Bank,solid,alias,0.4,0.98
location_business_bank_01_57,Counter,Bank,solid,alias,0.4,0.98
location_business_bank_01_58,Counter,Bank,solid,alias,0.4,0.98
location_business_bank_01_59,Counter,Bank,solid,alias,0.4,0.98
location_business_bank_01_60,Counter,Bank,solid,alias,0.4,0.98
location_business_bank_01_61,Counter,Bank,solid,alias,0.4,0.98
location_business_bank_01_62,Counter,Bank,solid,alias,0.4,0.98
location_business_bank_01_63,Counter,Bank,solid,alias,0.4,0.98
location_business_bank_01_64,,,solid,geometry,0.82,2.01
location_business_bank_01_65,,,solid,geometry,0.82,2.01
location_business_bank_01_68,,,solid,geometry,0.45,1.1
location_business_bank_01_69,,,solid,geometry,0.45,1.1
location_business_bank_01_70,,,solid,geometry,0.45,1.1
location_business_bank_01_71,,,solid,geometry,0.45,1.1
location_business_distillery_01_0,,,solid,geometry,0.75,1.84
location_business_distillery_01_1,,,solid,alias,0.75,1.84
location_business_distillery_01_10,,,solid,pixels,0.71,1.74
location_business_distillery_01_11,Distillery,,solid,alias,0.53,1.3
location_business_distillery_01_12,Distillery,,solid,alias,0.53,1.3
location_business_distillery_01_13,Distillery,,solid,geometry,0.53,1.3
location_business_distillery_01_2,,,solid,alias,0.75,1.84
location_business_distillery_01_27,Distillery,,standable,alias,0.84,2.06
location_business_distillery_01_28,Distillery,,standable,geometry,0.84,2.06
location_business_distillery_01_3,,,solid,alias,0.75,1.84
location_business_distillery_01_4,,,solid,alias,0.75,1.84
location_business_distillery_01_5,,,solid,alias,0.75,1.84
location_business_distillery_01_8,,,solid,geometry,0.33,0.81
location_business_distillery_01_9,,,solid,pixels,0.71,1.74
location_business_machinery_01_16,Workbench,Wood Top,solid,geometry,0.29,0.71
location_business_machinery_01_17,Workbench,Wood Top,solid,geometry,0.29,0.71
location_business_machinery_01_18,Workbench,Wood Top,solid,geometry,0.29,0.71
location_business_machinery_01_19,Workbench,Wood Top,solid,geometry,0.29,0.71
location_business_machinery_01_20,Workbench,Wood Top,solid,geometry,0.29,0.71
location_business_machinery_01_21,Workbench,Wood Top,solid,geometry,0.29,0.71
location_business_machinery_01_22,Workbench,Wood Top,solid,geometry,0.29,0.71
location_business_machinery_01_23,Workbench,Wood Top,solid,geometry,0.29,0.71
location_business_machinery_01_32,Tool Cabinet,Red Mobile,solid,geometry,0.35,0.86
location_business_machinery_01_33,Tool Cabinet,Red Mobile,solid,geometry,0.35,0.86
location_business_machinery_01_34,Tool Cabinet,Red Mobile,solid,geometry,0.35,0.86
location_business_machinery_01_35,Tool Cabinet,Red Mobile,solid,geometry,0.35,0.86
location_business_machinery_01_40,Tires,2 Stacked,standable,geometry,0.2,0.49
location_business_machinery_01_41,Tires,2 Stacked,standable,alias,0.2,0.49
location_business_machinery_01_42,Tires,3 Stacked,standable,geometry,0.31,0.76
location_business_machinery_01_43,Tires,3 Stacked,solid,alias,0.31,0.76
location_business_machinery_01_44,Tires,4 Stacked,solid,geometry,0.41,1.0
location_business_machinery_01_45,Tires,4 Stacked,solid,alias,0.41,1.0
location_business_machinery_01_49,Tire,,standable,alias,0.2,0.49
location_business_machinery_01_50,Tires,Stacked,standable,alias,0.2,0.49
location_business_machinery_01_51,Tires,3 Stacked,solid,alias,0.31,0.76
location_business_machinery_01_52,Tires,4 Stacked,solid,alias,0.41,1.0
location_business_office_generic_01_0,Desk,Office,solid,geometry,0.34,0.83
location_business_office_generic_01_1,Desk,Office,solid,geometry,0.34,0.83
location_business_office_generic_01_10,Desk,Office,solid,alias,0.34,0.83
location_business_office_generic_01_100,Desk,Office 2,solid,alias,0.34,0.83
location_business_office_generic_01_101,Desk,Office 2,solid,alias,0.34,0.83
location_business_office_generic_01_104,Desk,Office L,solid,alias,0.34,0.83
location_business_office_generic_01_105,Desk,Office L,solid,alias,0.34,0.83
location_business_office_generic_01_106,Desk,Office L,solid,alias,0.34,0.83
location_business_office_generic_01_107,Desk,Office L,solid,alias,0.34,0.83
location_business_office_generic_01_108,Desk,Office L,solid,alias,0.34,0.83
location_business_office_generic_01_112,Desk,Office L,solid,alias,0.34,0.83
location_business_office_generic_01_113,Desk,Office L,solid,alias,0.34,0.83
location_business_office_generic_01_114,Desk,Office L,solid,alias,0.34,0.83
location_business_office_generic_01_115,Desk,Office L,solid,alias,0.34,0.83
location_business_office_generic_01_116,Desk,Office L,solid,alias,0.34,0.83
location_business_office_generic_01_120,Desk,Office L,solid,alias,0.34,0.83
location_business_office_generic_01_121,Desk,Office L,solid,alias,0.34,0.83
location_business_office_generic_01_122,Desk,Office L,solid,alias,0.34,0.83
location_business_office_generic_01_123,Desk,Office L,solid,alias,0.34,0.83
location_business_office_generic_01_124,Desk,Office L,solid,alias,0.34,0.83
location_business_office_generic_01_128,Desk,Office L,solid,alias,0.34,0.83
location_business_office_generic_01_129,Desk,Office L,solid,alias,0.34,0.83
location_business_office_generic_01_13,Desk,Office,solid,alias,0.34,0.83
location_business_office_generic_01_130,Desk,Office L,solid,alias,0.34,0.83
location_business_office_generic_01_131,Desk,Office L,solid,alias,0.34,0.83
location_business_office_generic_01_132,Desk,Office L,solid,alias,0.34,0.83
location_business_office_generic_01_136,Desk,Office L2,solid,alias,0.34,0.83
location_business_office_generic_01_137,Desk,Office L2,solid,alias,0.34,0.83
location_business_office_generic_01_138,Desk,Office L2,solid,alias,0.34,0.83
location_business_office_generic_01_139,Desk,Office L2,solid,alias,0.34,0.83
location_business_office_generic_01_14,Desk,Office,solid,alias,0.34,0.83
location_business_office_generic_01_140,Desk,Office L2,solid,alias,0.34,0.83
location_business_office_generic_01_144,Desk,Office L2,solid,alias,0.34,0.83
location_business_office_generic_01_145,Desk,Office L2,solid,alias,0.34,0.83
location_business_office_generic_01_146,Desk,Office L2,solid,alias,0.34,0.83
location_business_office_generic_01_147,Desk,Office L2,solid,alias,0.34,0.83
location_business_office_generic_01_148,Desk,Office L2,solid,alias,0.34,0.83
location_business_office_generic_01_152,Desk,Office L2,solid,alias,0.34,0.83
location_business_office_generic_01_153,Desk,Office L2,solid,alias,0.34,0.83
location_business_office_generic_01_154,Desk,Office L2,solid,alias,0.34,0.83
location_business_office_generic_01_155,Desk,Office L2,solid,alias,0.34,0.83
location_business_office_generic_01_156,Desk,Office L2,solid,alias,0.34,0.83
location_business_office_generic_01_16,Cabinet,Grey File,solid,geometry,0.53,1.3
location_business_office_generic_01_160,Desk,Office L2,solid,alias,0.34,0.83
location_business_office_generic_01_161,Desk,Office L2,solid,alias,0.34,0.83
location_business_office_generic_01_162,Desk,Office L2,solid,alias,0.34,0.83
location_business_office_generic_01_163,Desk,Office L2,solid,alias,0.34,0.83
location_business_office_generic_01_164,Desk,Office L2,solid,alias,0.34,0.83
location_business_office_generic_01_168,Desk,Office 3,solid,alias,0.34,0.83
location_business_office_generic_01_169,Desk,Office 3,solid,alias,0.34,0.83
location_business_office_generic_01_17,Cabinet,Grey File,solid,geometry,0.53,1.3
location_business_office_generic_01_170,Desk,Office 3,solid,alias,0.34,0.83
location_business_office_generic_01_171,Desk,Office 3,solid,alias,0.34,0.83
location_business_office_generic_01_172,Desk,Office 3,solid,alias,0.34,0.83
location_business_office_generic_01_173,Desk,Office 3,solid,alias,0.34,0.83
location_business_office_generic_01_174,Desk,Office 3,solid,alias,0.34,0.83
location_business_office_generic_01_176,Desk,Office 3,solid,alias,0.34,0.83
location_business_office_generic_01_177,Desk,Office 3,solid,alias,0.34,0.83
location_business_office_generic_01_178,Desk,Office 3,solid,alias,0.34,0.83
location_business_office_generic_01_179,Desk,Office 3,solid,alias,0.34,0.83
location_business_office_generic_01_180,Desk,Office 3,solid,alias,0.34,0.83
location_business_office_generic_01_181,Desk,Office 3,solid,alias,0.34,0.83
location_business_office_generic_01_182,Desk,Office 3,solid,alias,0.34,0.83
location_business_office_generic_01_184,Desk,Office 3,solid,alias,0.34,0.83
location_business_office_generic_01_185,Desk,Office 3,solid,alias,0.34,0.83
location_business_office_generic_01_186,Desk,Office 3,solid,alias,0.34,0.83
location_business_office_generic_01_187,Desk,Office 3,solid,alias,0.34,0.83
location_business_office_generic_01_188,Desk,Office 3,solid,alias,0.34,0.83
location_business_office_generic_01_189,Desk,Office 3,solid,alias,0.34,0.83
location_business_office_generic_01_190,Desk,Office 3,solid,alias,0.34,0.83
location_business_office_generic_01_192,Desk,Office 3,solid,alias,0.34,0.83
location_business_office_generic_01_193,Desk,Office 3,solid,alias,0.34,0.83
location_business_office_generic_01_194,Desk,Office 3,solid,alias,0.34,0.83
location_business_office_generic_01_195,Desk,Office 3,solid,alias,0.34,0.83
location_business_office_generic_01_196,Desk,Office 3,solid,alias,0.34,0.83
location_business_office_generic_01_197,Desk,Office 3,solid,alias,0.34,0.83
location_business_office_generic_01_198,Desk,Office 3,solid,alias,0.34,0.83
location_business_office_generic_01_200,Desk,Office 4,solid,alias,0.34,0.83
location_business_office_generic_01_201,Desk,Office 4,solid,alias,0.34,0.83
location_business_office_generic_01_202,Desk,Office 4,solid,alias,0.34,0.83
location_business_office_generic_01_203,Desk,Office 4,solid,alias,0.34,0.83
location_business_office_generic_01_204,Desk,Office 4,solid,alias,0.34,0.83
location_business_office_generic_01_205,Desk,Office 4,solid,alias,0.34,0.83
location_business_office_generic_01_206,Desk,Office 4,solid,alias,0.34,0.83
location_business_office_generic_01_208,Desk,Office 4,solid,alias,0.34,0.83
location_business_office_generic_01_209,Desk,Office 4,solid,alias,0.34,0.83
location_business_office_generic_01_210,Desk,Office 4,solid,alias,0.34,0.83
location_business_office_generic_01_211,Desk,Office 4,solid,alias,0.34,0.83
location_business_office_generic_01_212,Desk,Office 4,solid,alias,0.34,0.83
location_business_office_generic_01_213,Desk,Office 4,solid,alias,0.34,0.83
location_business_office_generic_01_214,Desk,Office 4,solid,alias,0.34,0.83
location_business_office_generic_01_216,Desk,Office 4,solid,alias,0.34,0.83
location_business_office_generic_01_217,Desk,Office 4,solid,alias,0.34,0.83
location_business_office_generic_01_218,Desk,Office 4,solid,alias,0.34,0.83
location_business_office_generic_01_219,Desk,Office 4,solid,alias,0.34,0.83
location_business_office_generic_01_220,Desk,Office 4,solid,alias,0.34,0.83
location_business_office_generic_01_221,Desk,Office 4,solid,alias,0.34,0.83
location_business_office_generic_01_222,Desk,Office 4,solid,alias,0.34,0.83
location_business_office_generic_01_224,Desk,Office 4,solid,alias,0.34,0.83
location_business_office_generic_01_225,Desk,Office 4,solid,alias,0.34,0.83
location_business_office_generic_01_226,Desk,Office 4,solid,alias,0.34,0.83
location_business_office_generic_01_227,Desk,Office 4,solid,alias,0.34,0.83
location_business_office_generic_01_228,Desk,Office 4,solid,alias,0.34,0.83
location_business_office_generic_01_229,Desk,Office 4,solid,alias,0.34,0.83
location_business_office_generic_01_230,Desk,Office 4,solid,alias,0.34,0.83
location_business_office_generic_01_24,Cabinet,Grey File,solid,geometry,0.53,1.3
location_business_office_generic_01_25,Cabinet,Grey File,solid,geometry,0.53,1.3
location_business_office_generic_01_28,Grey Cubicle,,standable,geometry,0.57,1.4
location_business_office_generic_01_31,Blue Cubicle,,standable,alias,0.57,1.4
location_business_office_generic_01_32,Cabinet,White File,solid,geometry,0.53,1.3
location_business_office_generic_01_33,Cabinet,White File,solid,geometry,0.53,1.3
location_business_office_generic_01_34,Cabinet,White File,solid,geometry,0.53,1.3
location_business_office_generic_01_35,Cabinet,White File,solid,geometry,0.53,1.3
location_business_office_generic_01_40,Desk,Office,solid,alias,0.34,0.83
location_business_office_generic_01_41,Desk,Office,solid,alias,0.34,0.83
location_business_office_generic_01_42,Desk,Office,solid,alias,0.34,0.83
location_business_office_generic_01_43,Desk,Office,solid,alias,0.34,0.83
location_business_office_generic_01_44,Desk,Office,solid,alias,0.34,0.83
location_business_office_generic_01_45,Desk,Office,solid,alias,0.34,0.83
location_business_office_generic_01_46,Desk,Office,solid,alias,0.34,0.83
location_business_office_generic_01_47,Desk,Office,solid,alias,0.34,0.83
location_business_office_generic_01_48,Dispenser,Water,solid,geometry,0.61,1.49
location_business_office_generic_01_49,Dispenser,Water,solid,geometry,0.61,1.49
location_business_office_generic_01_5,Desk,Office,solid,geometry,0.34,0.83
location_business_office_generic_01_56,Dispenser,Water,solid,geometry,0.61,1.49
location_business_office_generic_01_57,Dispenser,Water,solid,geometry,0.61,1.49
location_business_office_generic_01_58,Dispenser,Empty Water,solid,alias,0.61,1.49
location_business_office_generic_01_59,Dispenser,Empty Water,solid,alias,0.61,1.49
location_business_office_generic_01_6,Desk,Office,solid,geometry,0.34,0.83
location_business_office_generic_01_60,Dispenser,Empty Water,solid,alias,0.61,1.49
location_business_office_generic_01_61,Dispenser,Empty Water,solid,alias,0.61,1.49
location_business_office_generic_01_72,Desk,Office,solid,alias,0.34,0.83
location_business_office_generic_01_73,Desk,Office,solid,alias,0.34,0.83
location_business_office_generic_01_74,Desk,Office,solid,alias,0.34,0.83
location_business_office_generic_01_75,Desk,Office,solid,alias,0.34,0.83
location_business_office_generic_01_76,Desk,Office,solid,alias,0.34,0.83
location_business_office_generic_01_77,Desk,Office,solid,alias,0.34,0.83
location_business_office_generic_01_8,Desk,Office,solid,alias,0.34,0.83
location_business_office_generic_01_80,Desk,Office,solid,alias,0.34,0.83
location_business_office_generic_01_81,Desk,Office,solid,alias,0.34,0.83
location_business_office_generic_01_82,Desk,Office,solid,alias,0.34,0.83
location_business_office_generic_01_83,Desk,Office,solid,alias,0.34,0.83
location_business_office_generic_01_84,Desk,Office,solid,alias,0.34,0.83
location_business_office_generic_01_85,Desk,Office,solid,alias,0.34,0.83
location_business_office_generic_01_88,Desk,Office 2,solid,alias,0.34,0.83
location_business_office_generic_01_89,Desk,Office 2,solid,alias,0.34,0.83
location_business_office_generic_01_90,Desk,Office 2,solid,alias,0.34,0.83
location_business_office_generic_01_91,Desk,Office 2,solid,alias,0.34,0.83
location_business_office_generic_01_92,Desk,Office 2,solid,alias,0.34,0.83
location_business_office_generic_01_93,Desk,Office 2,solid,alias,0.34,0.83
location_business_office_generic_01_96,Desk,Office 2,solid,alias,0.34,0.83
location_business_office_generic_01_97,Desk,Office 2,solid,alias,0.34,0.83
location_business_office_generic_01_98,Desk,Office 2,solid,alias,0.34,0.83
location_business_office_generic_01_99,Desk,Office 2,solid,alias,0.34,0.83
location_community_cemetary_01_0,Gravestone,Round,standable,geometry,0.35,0.86
location_community_cemetary_01_1,Gravestone,Round,standable,IsLow default,0.35,0.86
location_community_cemetary_01_2,Gravestone,Arched,standable,geometry,0.35,0.86
location_community_cemetary_01_3,Gravestone,Arched,standable,IsLow default,0.35,0.86
location_community_cemetary_01_30,Cairn,Stone,standable,geometry,0.2,0.49
location_community_cemetary_01_31,Picket,Wooden,standable,geometry,0.39,0.96
location_community_cemetary_01_4,Gravestone,Square,standable,geometry,0.35,0.86
location_community_cemetary_01_5,Gravestone,Square,standable,geometry,0.35,0.86
location_community_cemetary_01_8,Gravestone,Battered,standable,geometry,0.29,0.71
location_community_cemetary_01_9,Gravestone,Battered,standable,geometry,0.29,0.71
location_community_church_small_01_100,,,standable,geometry,0.38,0.93
location_community_church_small_01_101,,,standable,geometry,0.37,0.91
location_community_church_small_01_208,Organ,Church,solid,pixels,0.62,1.52
location_community_church_small_01_209,Organ,Church,solid,pixels,0.79,1.94
location_community_church_small_01_210,Organ,Church,solid,pixels,0.44,1.08
location_community_church_small_01_211,Organ,Church,solid,pixels,0.38,0.93
location_community_church_small_01_212,Organ,Church,solid,pixels,0.74,1.81
location_community_church_small_01_213,Organ,Church,solid,pixels,0.52,1.27
location_community_church_small_01_216,Organ,Church,solid,pixels,0.81,1.98
location_community_church_small_01_218,Organ,Church,solid,pixels,0.89,2.18
location_community_church_small_01_219,Organ,Church,solid,pixels,0.88,2.16
location_community_church_small_01_224,Organ,Church,solid,pixels,0.53,1.3
location_community_church_small_01_225,Organ,Church,solid,pixels,0.76,1.86
location_community_church_small_01_226,Organ,Church,solid,pixels,0.38,0.93
location_community_church_small_01_232,Organ,Church,solid,pixels,0.9,2.2
location_community_church_small_01_234,Organ,Church,solid,pixels,0.86,2.11
location_community_church_small_01_35,,,solid,pixels,0.88,2.16
location_community_church_small_01_40,Altar,Decorated,solid,pixels,0.32,0.78
location_community_church_small_01_41,Altar,Decorated,solid,pixels,0.32,0.78
location_community_church_small_01_42,Altar,Decorated,solid,pixels,0.32,0.78
location_community_church_small_01_44,Stand,Lectern,solid,geometry,0.31,0.76
location_community_church_small_01_45,Stand,Lectern,solid,pixels,0.33,0.81
location_community_church_small_01_46,Stand,Lectern,solid,pixels,0.32,0.78
location_community_church_small_01_47,Stand,Lectern,solid,geometry,0.38,0.93
location_community_church_small_01_48,Pew,Church,solid,geometry,0.22,0.54
location_community_church_small_01_49,Pew,Church,solid,geometry,0.22,0.54
location_community_church_small_01_50,Pew,Church,solid,geometry,0.22,0.54
location_community_church_small_01_51,Pew,Church,solid,geometry,0.22,0.54
location_community_church_small_01_52,Pew,Church,solid,geometry,0.22,0.54
location_community_church_small_01_53,Pew,Church,solid,geometry,0.22,0.54
location_community_church_small_01_56,Pew,Church,solid,geometry,0.4,0.98
location_community_church_small_01_57,Pew,Church,solid,geometry,0.4,0.98
location_community_church_small_01_58,Pew,Church,solid,geometry,0.4,0.98
location_community_church_small_01_59,Pew,Church,solid,pixels,0.32,0.78
location_community_church_small_01_60,Pew,Church,solid,pixels,0.32,0.78
location_community_church_small_01_61,Pew,Church,solid,pixels,0.31,0.76
location_community_church_small_01_62,Sign,Ominous,solid,pixels,0.55,1.35
location_community_church_small_01_63,Sign,Ominous,solid,pixels,0.51,1.25
location_community_church_small_01_87,,,solid,geometry,0.26,0.64
location_community_church_small_01_88,Organ,Church,solid,pixels,0.58,1.42
location_community_church_small_01_89,Organ,Church,solid,pixels,0.58,1.42
location_community_church_small_01_90,Organ,Church,solid,pixels,0.34,0.83
location_community_church_small_01_93,,,standable,geometry,0.38,0.93
location_community_church_small_01_94,,,standable,geometry,0.38,0.93
location_community_church_small_01_95,,,standable,geometry,0.38,0.93
location_community_church_small_01_98,Organ,Church,solid,pixels,0.84,2.06
location_community_church_small_01_99,,,solid,geometry,0.38,0.93
location_community_medical_01_0,Chair,Patient,solid,geometry,0.31,0.76
location_community_medical_01_1,Chair,Patient,solid,geometry,0.31,0.76
location_community_medical_01_10,Medical Stool,,standable,geometry,0.29,0.71
location_community_medical_01_100,Desk,Medical,solid,geometry,0.35,0.86
location_community_medical_01_101,Desk,Medical,solid,geometry,0.35,0.86
location_community_medical_01_102,Bank,Blood,standable,geometry,0.85,2.08
location_community_medical_01_104,Desk,Medical,solid,geometry,0.36,0.88
location_community_medical_01_105,Desk,Medical,solid,geometry,0.36,0.88
location_community_medical_01_106,Desk,Medical,solid,geometry,0.36,0.88
location_community_medical_01_107,Desk,Medical,solid,geometry,0.36,0.88
location_community_medical_01_108,Desk,Medical,solid,geometry,0.36,0.88
location_community_medical_01_109,Desk,Medical,solid,geometry,0.36,0.88
location_community_medical_01_111,Bank,Blood,standable,geometry,0.85,2.08
location_community_medical_01_112,Chair,Dentist Patient,solid,geometry,0.29,0.71
location_community_medical_01_113,Chair,Dentist Patient,solid,geometry,0.33,0.81
location_community_medical_01_114,Chair,Dentist Patient,solid,pixels,0.36,0.88
location_community_medical_01_115,Chair,Dentist Patient,solid,pixels,0.32,0.78
location_community_medical_01_120,,,solid,pixels,0.27,0.66
location_community_medical_01_128,,,solid,geometry,0.33,0.81
location_community_medical_01_129,,,solid,geometry,0.33,0.81
location_community_medical_01_133,,,solid,pixels,0.09,0.22
location_community_medical_01_134,,,solid,pixels,0.09,0.22
location_community_medical_01_141,,,solid,pixels,0.65,1.59
location_community_medical_01_142,,,solid,pixels,0.7,1.71
location_community_medical_01_143,,,solid,pixels,0.62,1.52
location_community_medical_01_152,Cabinet,Wide Medical,solid,geometry,0.35,0.86
location_community_medical_01_153,Cabinet,Wide Medical,solid,geometry,0.35,0.86
location_community_medical_01_16,Bed,Large Medical,solid,geometry,0.25,0.61
location_community_medical_01_17,Bed,Large Medical,solid,geometry,0.25,0.61
location_community_medical_01_172,Chair,Dentist Patient,solid,pixels,0.83,2.03
location_community_medical_01_173,Chair,Dentist Patient,solid,pixels,0.22,0.54
location_community_medical_01_174,Chair,Dentist Patient,solid,pixels,0.25,0.61
location_community_medical_01_175,Chair,Dentist Patient,solid,pixels,0.32,0.78
location_community_medical_01_18,Bed,Large Medical,solid,geometry,0.27,0.66
location_community_medical_01_188,,,solid,pixels,0.35,0.86
location_community_medical_01_189,,,solid,pixels,0.34,0.83
location_community_medical_01_19,Bed,Large Medical,solid,geometry,0.27,0.66
location_community_medical_01_190,,,solid,pixels,0.37,0.91
location_community_medical_01_191,,,solid,pixels,0.38,0.93
location_community_medical_01_197,,,solid,geometry,0.33,0.81
location_community_medical_01_198,,,solid,geometry,0.33,0.81
location_community_medical_01_2,Chair,Patient,solid,pixels,0.33,0.81
location_community_medical_01_20,Bed,Large Medical,solid,geometry,0.27,0.66
location_community_medical_01_21,Bed,Large Medical,solid,geometry,0.27,0.66
location_community_medical_01_213,,,solid,pixels,0.41,1.0
location_community_medical_01_214,,,solid,pixels,0.38,0.93
location_community_medical_01_22,Bed,Large Medical,solid,geometry,0.27,0.66
location_community_medical_01_224,,,solid,pixels,0.34,0.83
location_community_medical_01_225,,,solid,pixels,0.37,0.91
location_community_medical_01_23,Bed,Large Medical,solid,geometry,0.27,0.66
location_community_medical_01_3,Chair,Patient,solid,geometry,0.31,0.76
location_community_medical_01_32,Chair,Patient,solid,geometry,0.3,0.73
location_community_medical_01_33,Chair,Patient,solid,geometry,0.3,0.73
location_community_medical_01_34,Chair,Patient,solid,pixels,0.36,0.88
location_community_medical_01_35,Chair,Patient,solid,pixels,0.33,0.81
location_community_medical_01_36,Drawers,Pale,solid,geometry,0.35,0.86
location_community_medical_01_37,Drawers,Pale,solid,geometry,0.34,0.83
location_community_medical_01_38,Drawers,Pale,solid,geometry,0.34,0.83
location_community_medical_01_39,Drawers,Pale,solid,geometry,0.35,0.86
location_community_medical_01_4,Chair,Patient,solid,pixels,0.32,0.78
location_community_medical_01_48,Counter,Mobile Tool,standable,geometry,0.33,0.81
location_community_medical_01_49,Counter,Mobile Tool,standable,geometry,0.33,0.81
location_community_medical_01_5,Chair,Patient,solid,geometry,0.31,0.76
location_community_medical_01_50,Counter,Mobile Tool,standable,geometry,0.33,0.81
location_community_medical_01_51,Counter,Mobile Tool,standable,geometry,0.33,0.81
location_community_medical_01_56,Chairs,Waiting,solid,geometry,0.15,0.37
location_community_medical_01_57,Chairs,Waiting,solid,geometry,0.15,0.37
location_community_medical_01_58,Chairs,Waiting,solid,geometry,0.15,0.37
location_community_medical_01_59,Chairs,Waiting,solid,geometry,0.15,0.37
location_community_medical_01_6,Chair,Patient,solid,geometry,0.31,0.76
location_community_medical_01_60,Chairs,Waiting,solid,pixels,0.27,0.66
location_community_medical_01_61,Chairs,Waiting,solid,pixels,0.22,0.54
location_community_medical_01_62,Chairs,Waiting,solid,pixels,0.22,0.54
location_community_medical_01_63,Chairs,Waiting,solid,pixels,0.27,0.66
location_community_medical_01_64,Bench,Tool,solid,geometry,0.33,0.81
location_community_medical_01_65,Bench,Tool,solid,geometry,0.33,0.81
location_community_medical_01_68,,,standable,geometry,0.29,0.71
location_community_medical_01_7,Chair,Patient,solid,geometry,0.31,0.76
location_community_medical_01_71,,,standable,geometry,0.29,0.71
location_community_medical_01_72,Bed,Hospital,solid,geometry,0.32,0.78
location_community_medical_01_73,Bed,Hospital,solid,geometry,0.32,0.78
location_community_medical_01_74,Bed,Hospital,solid,pixels,0.32,0.78
location_community_medical_01_75,Bed,Hospital,solid,pixels,0.39,0.96
location_community_medical_01_76,Table,Morgue,solid,geometry,0.3,0.73
location_community_medical_01_77,Table,Morgue,solid,geometry,0.3,0.73
location_community_medical_01_78,Table,Morgue,solid,geometry,0.3,0.73
location_community_medical_01_79,Table,Morgue,solid,geometry,0.3,0.73
location_community_medical_01_8,Scale,Weighing,standable,geometry,0.61,1.49
location_community_medical_01_80,Sign,Blue Cross,standable,geometry,0.51,1.25
location_community_medical_01_81,Sign,Blue Cross,standable,alias,0.51,1.25
location_community_medical_01_82,Sign,Blue Cross,standable,geometry,0.52,1.27
location_community_medical_01_83,Sign,Blue Cross,standable,alias,0.52,1.27
location_community_medical_01_84,Sign,Emergency,standable,geometry,0.27,0.66
location_community_medical_01_85,Sign,Emergency,standable,alias,0.27,0.66
location_community_medical_01_86,Sign,Emergency,standable,alias,0.27,0.66
location_community_medical_01_87,Sign,Emergency,standable,alias,0.27,0.66
location_community_medical_01_9,Scale,Weighing,standable,geometry,0.61,1.49
location_community_medical_01_92,Sign,Emergency,standable,geometry,0.2,0.49
location_community_medical_01_93,Sign,Emergency,standable,alias,0.2,0.49
location_community_medical_01_94,Sign,Emergency,standable,alias,0.2,0.49
location_community_medical_01_95,Sign,Emergency,standable,alias,0.2,0.49
location_community_medical_01_96,Desk,Medical,solid,geometry,0.35,0.86
location_community_medical_01_97,Desk,Medical,solid,geometry,0.35,0.86
location_community_medical_01_98,Desk,Medical,solid,geometry,0.35,0.86
location_community_medical_01_99,Desk,Medical,solid,geometry,0.35,0.86
location_community_medical_01_on_80,,,standable,alias,0.51,1.25
location_community_medical_01_on_81,,,standable,alias,0.51,1.25
location_community_medical_01_on_82,,,standable,alias,0.52,1.27
location_community_medical_01_on_83,,,standable,alias,0.52,1.27
location_community_park_01_16,Slide,Playground,solid,geometry,0.61,1.49
location_community_park_01_17,Slide,Playground,solid,geometry,0.61,1.49
location_community_park_01_18,Slide,Playground,solid,geometry,0.61,1.49
location_community_park_01_19,Slide,Playground,solid,geometry,0.61,1.49
location_community_park_01_20,Round,Merry Go,solid,geometry,0.14,0.34
location_community_park_01_21,Round,Merry Go,solid,geometry,0.14,0.34
location_community_park_01_22,Round,Merry Go,solid,geometry,0.14,0.34
location_community_park_01_23,Round,Merry Go,solid,geometry,0.14,0.34
location_community_park_01_30,Slide,Playground,solid,geometry,0.61,1.49
location_community_park_01_31,Slide,Playground,solid,geometry,0.61,1.49
location_community_park_01_38,Slide,Playground,solid,geometry,0.61,1.49
location_community_park_01_39,Slide,Playground,solid,geometry,0.61,1.49
location_community_park_01_40,,,standable,geometry,0.17,0.42
location_community_park_01_41,,,solid,geometry,0.17,0.42
location_community_park_01_42,,,solid,geometry,0.22,0.54
location_community_park_01_43,,,solid,geometry,0.17,0.42
location_community_park_01_44,,,solid,geometry,0.17,0.42
location_community_park_01_45,,,solid,geometry,0.17,0.42
location_community_park_01_46,,,standable,geometry,0.17,0.42
location_community_park_01_47,,,solid,geometry,0.17,0.42
location_community_park_01_48,,,solid,geometry,0.5,1.22
location_community_park_01_49,Play Castle,Childrens,solid,geometry,0.1,0.24
location_community_park_01_50,Play Castle,Childrens,solid,geometry,0.1,0.24
location_community_park_01_51,Play Castle,Childrens,solid,geometry,0.52,1.27
location_community_park_01_52,Play Castle,Childrens,solid,geometry,0.52,1.27
location_community_police_01_11,,,standable,alias,0.8,1.96
location_community_police_01_24,Bed,Prisoners,solid,geometry,0.2,0.49
location_community_police_01_25,Bed,Prisoners,solid,geometry,0.2,0.49
location_community_police_01_26,Bed,Prisoners,solid,geometry,0.2,0.49
location_community_police_01_27,Bed,Prisoners,solid,geometry,0.2,0.49
location_community_police_01_28,Bed,Prisoners,solid,geometry,0.2,0.49
location_community_police_01_29,Bed,Prisoners,solid,geometry,0.2,0.49
location_community_police_01_30,Bed,Prisoners,solid,geometry,0.2,0.49
location_community_police_01_31,Bed,Prisoners,solid,geometry,0.2,0.49
location_community_police_01_32,Seat,Hanging,solid,geometry,0.37,0.91
location_community_police_01_33,Seat,Hanging,solid,geometry,0.35,0.86
location_community_police_01_34,Seat,Hanging,solid,geometry,0.37,0.91
location_community_police_01_35,Seat,Hanging,solid,geometry,0.37,0.91
location_community_police_01_44,Chair,Electric,solid,geometry,0.2,0.49
location_community_police_01_45,Chair,Electric,solid,geometry,0.2,0.49
location_community_police_01_46,Chair,Electric,solid,geometry,0.2,0.49
location_community_police_01_47,Chair,Electric,solid,geometry,0.2,0.49
location_community_police_01_48,Road Sign,Warden Office,standable,geometry,0.69,1.69
location_community_police_01_49,Road Sign,Warden Office,standable,alias,0.69,1.69
location_community_police_01_50,Road Sign,Visitor Parking,standable,alias,0.69,1.69
location_community_police_01_51,Road Sign,Visitor Parking,standable,alias,0.69,1.69
location_community_police_01_52,Road Sign,Intake Release,standable,alias,0.69,1.69
location_community_police_01_53,Road Sign,Intake Release,standable,alias,0.69,1.69
location_community_police_01_54,Road Sign,Morgue Cemetary,standable,alias,0.69,1.69
location_community_police_01_55,Road Sign,Morgue Cemetary,standable,alias,0.69,1.69
location_community_police_01_56,Sign,Kentucky Penitentiary,standable,geometry,0.53,1.3
location_community_police_01_57,Sign,Kentucky Penitentiary,standable,alias,0.53,1.3
location_community_police_01_58,Sign,Kentucky Penitentiary,standable,alias,0.53,1.3
location_community_police_01_59,Sign,Kentucky Penitentiary,standable,alias,0.53,1.3
location_community_police_01_60,Sign,Kentucky Penitentiary,standable,alias,0.53,1.3
location_community_police_01_61,Sign,Kentucky Penitentiary,standable,alias,0.53,1.3
location_community_police_01_64,Sign,Visitor Entrance,standable,geometry,0.2,0.49
location_community_police_01_65,Sign,Visitor Entrance,standable,alias,0.2,0.49
location_community_police_01_66,Sign,Visitor Entrance,standable,alias,0.2,0.49
location_community_police_01_67,Sign,Kennels,standable,alias,0.2,0.49
location_community_police_01_68,Sign,Kennels,standable,alias,0.2,0.49
location_community_police_01_69,Sign,Death Row,standable,alias,0.2,0.49
location_community_police_01_70,Sign,Death Row,standable,alias,0.2,0.49
location_community_police_01_72,Sign,Workshop,standable,alias,0.2,0.49
location_community_police_01_73,Sign,Workshop,standable,alias,0.2,0.49
location_community_police_01_74,Sign,Workshop,standable,alias,0.2,0.49
location_community_school_01_12,School Bench,Light,solid,alias,0.34,0.83
location_community_school_01_13,School Bench,Light,solid,alias,0.34,0.83
location_community_school_01_14,School Bench,Light,solid,alias,0.34,0.83
location_community_school_01_15,School Bench,Light,solid,alias,0.34,0.83
location_community_school_01_16,Board,Chalk,standable,geometry,0.88,2.16
location_community_school_01_17,Board,Chalk,standable,alias,0.88,2.16
location_community_school_01_18,Board,Chalk,standable,alias,0.88,2.16
location_community_school_01_19,Board,Chalk,standable,geometry,0.88,2.16
location_community_school_01_20,Board,Chalk,standable,alias,0.88,2.16
location_community_school_01_21,Board,Chalk,standable,alias,0.88,2.16
location_community_school_01_22,USA,Map of,standable,geometry,0.84,2.06
location_community_school_01_23,USA,Map of,standable,geometry,0.84,2.06
location_community_school_01_24,Board,Chalk,standable,geometry,0.82,2.01
location_community_school_01_25,Board,Chalk,standable,alias,0.82,2.01
location_community_school_01_26,Board,Chalk,standable,alias,0.82,2.01
location_community_school_01_27,Board,Chalk,standable,geometry,0.82,2.01
location_community_school_01_28,Board,Chalk,standable,alias,0.82,2.01
location_community_school_01_29,Board,Chalk,standable,alias,0.82,2.01
location_community_school_01_4,School Bench,Dark,solid,geometry,0.34,0.83
location_community_school_01_5,School Bench,Dark,solid,geometry,0.34,0.83
location_community_school_01_6,School Bench,Dark,solid,geometry,0.34,0.83
location_community_school_01_64,Board,Chalk,standable,alias,0.88,2.16
location_community_school_01_65,Board,Chalk,standable,alias,0.88,2.16
location_community_school_01_66,Board,Chalk,standable,alias,0.88,2.16
location_community_school_01_67,Board,Chalk,standable,alias,0.88,2.16
location_community_school_01_68,Board,Chalk,standable,alias,0.88,2.16
location_community_school_01_69,Board,Chalk,standable,alias,0.88,2.16
location_community_school_01_7,School Bench,Dark,solid,geometry,0.34,0.83
location_community_school_01_70,Board,Chalk,standable,alias,0.88,2.16
location_community_school_01_71,Board,Chalk,standable,alias,0.88,2.16
location_community_school_01_72,Board,Chalk,standable,alias,0.82,2.01
location_community_school_01_73,Board,Chalk,standable,alias,0.82,2.01
location_community_school_01_74,Board,Chalk,standable,alias,0.82,2.01
location_community_school_01_75,Board,Chalk,standable,alias,0.82,2.01
location_community_school_01_76,Board,Chalk,standable,alias,0.82,2.01
location_community_school_01_77,Board,Chalk,standable,alias,0.82,2.01
location_community_school_01_78,Board,Chalk,standable,alias,0.82,2.01
location_community_school_01_79,Board,Chalk,standable,alias,0.82,2.01
location_entertainment_gallery_02_55,Statue,Gallery,solid,geometry,0.41,1.0
location_entertainment_gallery_02_56,Gallery Toilet,,solid,geometry,0.73,1.79
location_entertainment_gallery_02_57,Bed,Gallery,solid,geometry,0.65,1.59
location_entertainment_gallery_02_58,Bed,Gallery,solid,geometry,0.65,1.59
location_entertainment_gallery_02_59,Bed,Gallery,solid,geometry,0.65,1.59
location_entertainment_gallery_02_60,Bed,Gallery,solid,geometry,0.65,1.59
location_entertainment_gallery_02_61,,,standable,geometry,0.51,1.25
location_entertainment_gallery_02_62,,,standable,geometry,0.17,0.42
location_entertainment_gallery_02_64,Statue,Horse,solid,pixels,0.19,0.47
location_entertainment_gallery_02_65,Statue,Horse,solid,pixels,0.65,1.59
location_entertainment_gallery_02_66,Statue,Horse,solid,pixels,0.45,1.1
location_entertainment_gallery_02_67,Statue,Horse,solid,pixels,0.32,0.78
location_entertainment_gallery_02_81,,,solid,pixels,0.14,0.34
location_entertainment_gallery_02_82,,,solid,pixels,0.16,0.39
location_entertainment_gallery_02_83,,,solid,pixels,0.26,0.64
location_entertainment_gallery_02_92,,,solid,pixels,0.12,0.29
location_entertainment_gallery_02_94,,,solid,pixels,0.12,0.29
location_entertainment_theatre_01_0,Chair,Blue Theatre,solid,geometry,0.22,0.54
location_entertainment_theatre_01_1,Chair,Blue Theatre,solid,geometry,0.22,0.54
location_entertainment_theatre_01_10,Counter,Theater Corner,solid,alias,0.36,0.88
location_entertainment_theatre_01_11,Counter,Theater,solid,alias,0.36,0.88
location_entertainment_theatre_01_12,Counter,Theater Corner,solid,alias,0.36,0.88
location_entertainment_theatre_01_120,Shelves,Large Rental,solid,geometry,0.69,1.69
location_entertainment_theatre_01_121,Shelves,Large Rental,solid,geometry,0.69,1.69
location_entertainment_theatre_01_122,Shelves,Large Rental,solid,geometry,0.69,1.69
location_entertainment_theatre_01_123,Shelves,Large Rental,solid,geometry,0.69,1.69
location_entertainment_theatre_01_124,Shelves,Large Rental,solid,geometry,0.69,1.69
location_entertainment_theatre_01_125,Shelves,Large Rental,solid,geometry,0.69,1.69
location_entertainment_theatre_01_126,Shelves,Large Rental,solid,geometry,0.69,1.69
location_entertainment_theatre_01_127,Shelves,Large Rental,solid,geometry,0.69,1.69
location_entertainment_theatre_01_128,Shelves,Small Rental,solid,geometry,0.49,1.2
location_entertainment_theatre_01_129,Shelves,Small Rental,solid,geometry,0.49,1.2
location_entertainment_theatre_01_13,Counter,Theater,solid,alias,0.36,0.88
location_entertainment_theatre_01_130,Shelves,Small Rental,solid,geometry,0.49,1.2
location_entertainment_theatre_01_131,Shelves,Small Rental,solid,geometry,0.49,1.2
location_entertainment_theatre_01_132,Shelves,Small Rental,solid,geometry,0.49,1.2
location_entertainment_theatre_01_133,Shelves,Small Rental,solid,geometry,0.49,1.2
location_entertainment_theatre_01_134,Shelves,Small Rental,solid,geometry,0.49,1.2
location_entertainment_theatre_01_135,Shelves,Small Rental,solid,geometry,0.49,1.2
location_entertainment_theatre_01_14,Counter,Theater Corner,solid,alias,0.36,0.88
location_entertainment_theatre_01_15,Counter,Theater,solid,alias,0.36,0.88
location_entertainment_theatre_01_16,Square Theater Counter,,solid,geometry,0.37,0.91
location_entertainment_theatre_01_17,Popcorn Machine,,solid,geometry,0.8,1.96
location_entertainment_theatre_01_2,Chair,Blue Theatre,solid,geometry,0.14,0.34
location_entertainment_theatre_01_28,,,solid,geometry,0.69,1.69
location_entertainment_theatre_01_29,,,solid,geometry,0.69,1.69
location_entertainment_theatre_01_3,Chair,Blue Theatre,solid,geometry,0.14,0.34
location_entertainment_theatre_01_31,,,standable,alias,0.8,1.96
location_entertainment_theatre_01_4,Counter,Glass Theater,solid,geometry,0.35,0.86
location_entertainment_theatre_01_5,Counter,Glass Theater,solid,geometry,0.35,0.86
location_entertainment_theatre_01_6,Counter,Glass Theater,solid,pixels,0.36,0.88
location_entertainment_theatre_01_7,Counter,Glass Theater,solid,pixels,0.36,0.88
location_entertainment_theatre_01_8,Counter,Theater Corner,solid,alias,0.36,0.88
location_entertainment_theatre_01_88,Chair,Red Theatre,solid,alias,0.22,0.54
location_entertainment_theatre_01_89,Chair,Red Theatre,solid,alias,0.22,0.54
location_entertainment_theatre_01_9,Counter,Theater,solid,alias,0.36,0.88
location_entertainment_theatre_01_90,Chair,Red Theatre,solid,alias,0.14,0.34
location_entertainment_theatre_01_91,Chair,Red Theatre,solid,alias,0.14,0.34
location_farm_accesories_01_0,,,solid,pixels,0.4,0.98
location_farm_accesories_01_1,,,solid,pixels,0.19,0.47
location_farm_accesories_01_10,House,Dog,solid,alias,0.41,1.0
location_farm_accesories_01_100,,,solid,alias,0.82,2.01
location_farm_accesories_01_101,,,solid,alias,0.82,2.01
location_farm_accesories_01_104,,,solid,alias,0.82,2.01
location_farm_accesories_01_105,,,solid,alias,0.82,2.01
location_farm_accesories_01_106,,,solid,alias,0.82,2.01
location_farm_accesories_01_108,,,solid,alias,0.82,2.01
location_farm_accesories_01_109,,,solid,alias,0.82,2.01
location_farm_accesories_01_11,House,Dog,solid,alias,0.41,1.0
location_farm_accesories_01_112,,,solid,alias,0.82,2.01
location_farm_accesories_01_114,,,solid,alias,0.82,2.01
location_farm_accesories_01_115,,,solid,alias,0.82,2.01
location_farm_accesories_01_117,,,solid,alias,0.82,2.01
location_farm_accesories_01_13,,,standable,geometry,0.62,1.52
location_farm_accesories_01_2,,,solid,pixels,0.19,0.47
location_farm_accesories_01_24,Trough,Large Metal,solid,geometry,0.29,0.71
location_farm_accesories_01_25,Trough,Large Metal,solid,geometry,0.29,0.71
location_farm_accesories_01_26,Trough,Large Metal,solid,geometry,0.29,0.71
location_farm_accesories_01_27,Trough,Large Metal,solid,geometry,0.3,0.73
location_farm_accesories_01_28,Trough,Large Metal,solid,geometry,0.3,0.73
location_farm_accesories_01_29,Trough,Large Metal,solid,geometry,0.3,0.73
location_farm_accesories_01_3,,,solid,pixels,0.43,1.05
location_farm_accesories_01_32,Trough,Small Metal,solid,geometry,0.32,0.78
location_farm_accesories_01_33,Trough,Small Metal,solid,geometry,0.32,0.78
location_farm_accesories_01_34,Trough,Small Metal,solid,geometry,0.32,0.78
location_farm_accesories_01_35,Trough,Small Metal,solid,geometry,0.32,0.78
location_farm_accesories_01_41,,,solid,geometry,0.88,2.16
location_farm_accesories_01_42,,,solid,geometry,0.88,2.16
location_farm_accesories_01_43,,,solid,geometry,0.88,2.16
location_farm_accesories_01_44,,,solid,alias,0.88,2.16
location_farm_accesories_01_45,,,solid,alias,0.88,2.16
location_farm_accesories_01_46,,,solid,alias,0.88,2.16
location_farm_accesories_01_47,,,solid,alias,0.88,2.16
location_farm_accesories_01_48,,,solid,geometry,0.88,2.16
location_farm_accesories_01_49,,,solid,alias,0.88,2.16
location_farm_accesories_01_50,,,solid,alias,0.88,2.16
location_farm_accesories_01_52,,,solid,pixels,0.55,1.35
location_farm_accesories_01_53,,,solid,pixels,0.16,0.39
location_farm_accesories_01_54,,,solid,pixels,0.58,1.42
location_farm_accesories_01_57,,,solid,alias,0.88,2.16
location_farm_accesories_01_58,,,solid,alias,0.88,2.16
location_farm_accesories_01_59,,,solid,alias,0.88,2.16
location_farm_accesories_01_6,Trough,Animal,standable,IsLow default,0.35,0.86
location_farm_accesories_01_60,,,solid,alias,0.88,2.16
location_farm_accesories_01_61,,,solid,alias,0.88,2.16
location_farm_accesories_01_62,,,solid,alias,0.88,2.16
location_farm_accesories_01_63,,,solid,alias,0.88,2.16
location_farm_accesories_01_64,,,solid,alias,0.88,2.16
location_farm_accesories_01_65,,,solid,alias,0.88,2.16
location_farm_accesories_01_66,,,solid,alias,0.88,2.16
location_farm_accesories_01_7,Trough,Animal,standable,IsLow default,0.35,0.86
location_farm_accesories_01_72,,,solid,geometry,0.82,2.01
location_farm_accesories_01_73,,,solid,geometry,0.82,2.01
location_farm_accesories_01_74,,,solid,geometry,0.82,2.01
location_farm_accesories_01_76,,,solid,alias,0.82,2.01
location_farm_accesories_01_77,,,solid,alias,0.82,2.01
location_farm_accesories_01_8,House,Dog,solid,geometry,0.41,1.0
location_farm_accesories_01_80,,,solid,alias,0.82,2.01
location_farm_accesories_01_81,,,solid,alias,0.82,2.01
location_farm_accesories_01_82,,,solid,alias,0.82,2.01
location_farm_accesories_01_84,,,solid,alias,0.82,2.01
location_farm_accesories_01_85,,,solid,alias,0.82,2.01
location_farm_accesories_01_88,,,solid,alias,0.82,2.01
location_farm_accesories_01_9,House,Dog,solid,alias,0.41,1.0
location_farm_accesories_01_90,,,solid,alias,0.82,2.01
location_farm_accesories_01_91,,,solid,alias,0.82,2.01
location_farm_accesories_01_93,,,solid,alias,0.82,2.01
location_farm_accesories_01_96,,,solid,alias,0.82,2.01
location_farm_accesories_01_97,,,solid,alias,0.82,2.01
location_farm_accesories_01_98,,,solid,alias,0.82,2.01
location_hospitality_sunstarmotel_02_12,Counter,Motel,solid,alias,0.36,0.88
location_hospitality_sunstarmotel_02_13,Counter,Motel,solid,alias,0.36,0.88
location_hospitality_sunstarmotel_02_14,Counter,Motel,solid,alias,0.36,0.88
location_hospitality_sunstarmotel_02_15,Counter,Motel,solid,alias,0.36,0.88
location_hospitality_sunstarmotel_02_20,Counter,Low Motel,solid,geometry,0.36,0.88
location_hospitality_sunstarmotel_02_21,Counter,Low Motel,solid,geometry,0.36,0.88
location_hospitality_sunstarmotel_02_22,Counter,Low Motel,solid,geometry,0.36,0.88
location_hospitality_sunstarmotel_02_23,Counter,Low Motel,solid,geometry,0.36,0.88
location_hospitality_sunstarmotel_02_40,Counter,Motel Corner,solid,alias,0.36,0.88
location_hospitality_sunstarmotel_02_41,Counter,Motel Corner,solid,alias,0.36,0.88
location_hospitality_sunstarmotel_02_42,Counter,Motel Corner,solid,alias,0.36,0.88
location_hospitality_sunstarmotel_02_43,Counter,Motel Corner,solid,alias,0.36,0.88
location_hospitality_sunstarmotel_02_52,Counter,Low Motel,solid,geometry,0.36,0.88
location_hospitality_sunstarmotel_02_53,Counter,Low Motel,solid,geometry,0.36,0.88
location_hospitality_sunstarmotel_02_54,Counter,Low Motel,solid,geometry,0.36,0.88
location_hospitality_sunstarmotel_02_55,Counter,Low Motel,solid,geometry,0.36,0.88
location_hospitality_sunstarmotel_02_6,Sign,Vacancy,solid,geometry,0.59,1.45
location_hospitality_sunstarmotel_02_7,Sign,Vacancy,solid,geometry,0.59,1.45
location_military_generic_01_0,Crate,Military,solid,geometry,0.36,0.88
location_military_generic_01_1,Crate,Military,solid,alias,0.36,0.88
location_military_generic_01_10,Crate,Military,solid,alias,0.7,1.71
location_military_generic_01_11,Crate,Military,solid,alias,0.7,1.71
location_military_generic_01_14,Barrel,Dark Green,solid,pixels,0.28,0.69
location_military_generic_01_15,Barrel,Dark Green,solid,pixels,0.28,0.69
location_military_generic_01_2,Crate,Military,solid,geometry,0.7,1.71
location_military_generic_01_22,Locker,Military,solid,geometry,0.85,2.08
location_military_generic_01_3,Crate,Military,solid,alias,0.7,1.71
location_military_generic_01_30,Locker,Military,solid,pixels,0.82,2.01
location_military_generic_01_31,Locker,Military,solid,geometry,0.85,2.08
location_military_generic_01_48,,,solid,pixels,0.77,1.89
location_military_generic_01_49,,,solid,pixels,0.61,1.49
location_military_generic_01_50,,,solid,pixels,0.58,1.42
location_military_generic_01_51,,,solid,pixels,0.54,1.32
location_military_generic_01_57,,,solid,pixels,0.77,1.89
location_military_generic_01_58,,,solid,pixels,0.76,1.86
location_military_generic_01_59,,,solid,pixels,0.83,2.03
location_military_generic_01_6,Barrel,Light Green,solid,pixels,0.28,0.69
location_military_generic_01_64,,,solid,pixels,0.86,2.11
location_military_generic_01_65,,,solid,pixels,0.86,2.11
location_military_generic_01_66,,,solid,pixels,0.75,1.84
location_military_generic_01_67,,,solid,pixels,0.76,1.86
location_military_generic_01_7,Barrel,Light Green,solid,pixels,0.28,0.69
location_military_generic_01_8,Crate,Military,solid,alias,0.36,0.88
location_military_generic_01_9,Crate,Military,solid,alias,0.36,0.88
location_military_knox_01_1,The Ecstacy of Gold,,standable,geometry,0.18,0.44
location_military_knox_01_16,,,solid,geometry,0.67,1.64
location_military_knox_01_17,,,solid,alias,0.67,1.64
location_military_knox_01_18,,,solid,alias,0.67,1.64
location_military_knox_01_19,,,solid,alias,0.67,1.64
location_military_knox_01_2,The Ecstacy of Gold,,standable,geometry,0.37,0.91
location_military_knox_01_20,,,solid,alias,0.67,1.64
location_military_knox_01_21,,,solid,alias,0.67,1.64
location_military_knox_01_22,,,solid,alias,0.67,1.64
location_military_knox_01_23,,,solid,alias,0.67,1.64
location_military_knox_01_24,,,solid,alias,0.67,1.64
location_military_knox_01_25,,,solid,alias,0.67,1.64
location_military_knox_01_26,,,solid,alias,0.67,1.64
location_military_knox_01_27,,,solid,alias,0.67,1.64
location_military_knox_01_28,,,solid,alias,0.67,1.64
location_military_knox_01_29,,,solid,alias,0.67,1.64
location_military_knox_01_31,,,solid,alias,0.67,1.64
location_military_tent_01_16,,,standable,geometry,0.17,0.42
location_military_tent_01_21,,,standable,geometry,0.17,0.42
location_military_tent_01_24,,,standable,geometry,0.17,0.42
location_military_tent_01_29,,,standable,geometry,0.17,0.42
location_military_tent_01_80,,,standable,alias,0.17,0.42
location_military_tent_01_85,,,standable,alias,0.17,0.42
location_military_tent_01_88,,,standable,alias,0.17,0.42
location_military_tent_01_93,,,standable,alias,0.17,0.42
location_restaurant_bar_01_0,Counter,Bar Corner,solid,geometry,0.48,1.18
location_restaurant_bar_01_1,Counter,Bar,solid,geometry,0.48,1.18
location_restaurant_bar_01_10,Seating,Leather Bar,solid,geometry,0.22,0.54
location_restaurant_bar_01_11,Seating,Leather Bar,solid,geometry,0.53,1.3
location_restaurant_bar_01_112,Bar,Left Bar Wall,solid,geometry,0.33,0.81
location_restaurant_bar_01_113,Bar,Bar Wall,solid,alias,0.33,0.81
location_restaurant_bar_01_114,Bar,Right Bar Wall,solid,alias,0.33,0.81
location_restaurant_bar_01_115,Bar,Left Bar Wall,solid,geometry,0.33,0.81
location_restaurant_bar_01_116,Bar,Bar Wall,solid,alias,0.33,0.81
location_restaurant_bar_01_117,Bar,Right Bar Wall,solid,alias,0.33,0.81
location_restaurant_bar_01_12,Seating,Leather Bar,solid,geometry,0.25,0.61
location_restaurant_bar_01_120,Bar,Dark Left Bar Wall,standable,alias,0.33,0.81
location_restaurant_bar_01_121,Bar,Dark Bar Wall,standable,alias,0.33,0.81
location_restaurant_bar_01_122,Bar,Dark Right Bar Wall,standable,alias,0.33,0.81
location_restaurant_bar_01_123,Bar,Dark Left Bar Wall,standable,alias,0.33,0.81
location_restaurant_bar_01_124,Bar,Dark Bar Wall,standable,alias,0.33,0.81
location_restaurant_bar_01_125,Bar,Dark Right Bar Wall,standable,alias,0.33,0.81
location_restaurant_bar_01_13,Seating,Leather Bar,solid,geometry,0.27,0.66
location_restaurant_bar_01_14,Seating,Leather Bar,solid,geometry,0.26,0.64
location_restaurant_bar_01_15,Seating,Leather Bar,solid,geometry,0.23,0.56
location_restaurant_bar_01_16,Counter,Dark Bar Corner,solid,geometry,0.49,1.2
location_restaurant_bar_01_17,Counter,Dark Bar,solid,geometry,0.49,1.2
location_restaurant_bar_01_18,Counter,Dark Bar Corner,solid,geometry,0.49,1.2
location_restaurant_bar_01_19,Counter,Dark Bar,solid,geometry,0.49,1.2
location_restaurant_bar_01_2,Counter,Bar Corner,solid,geometry,0.48,1.18
location_restaurant_bar_01_20,Counter,Dark Bar Corner,solid,geometry,0.49,1.2
location_restaurant_bar_01_21,Counter,Dark Bar,solid,geometry,0.49,1.2
location_restaurant_bar_01_22,Counter,Dark Bar Corner,solid,geometry,0.49,1.2
location_restaurant_bar_01_23,Counter,Dark Bar,solid,geometry,0.49,1.2
location_restaurant_bar_01_25,Blue Bar Stool,,standable,geometry,0.29,0.71
location_restaurant_bar_01_26,Bar Stool,,standable,geometry,0.29,0.71
location_restaurant_bar_01_29,Bar,Left Bar Wall,solid,geometry,0.38,0.93
location_restaurant_bar_01_3,Counter,Bar,solid,geometry,0.47,1.15
location_restaurant_bar_01_30,Bar,Bar Wall,solid,geometry,0.38,0.93
location_restaurant_bar_01_31,Bar,Right Bar Wall,solid,geometry,0.38,0.93
location_restaurant_bar_01_37,Bar,Left Bar Wall,solid,geometry,0.38,0.93
location_restaurant_bar_01_38,Bar,Bar Wall,solid,geometry,0.38,0.93
location_restaurant_bar_01_39,Bar,Right Bar Wall,solid,geometry,0.38,0.93
location_restaurant_bar_01_4,Counter,Bar Corner,solid,geometry,0.47,1.15
location_restaurant_bar_01_5,Counter,Bar,solid,geometry,0.47,1.15
location_restaurant_bar_01_56,Counter,Oak Corner Bar,solid,alias,0.48,1.18
location_restaurant_bar_01_57,Counter,Oak Bar,solid,alias,0.48,1.18
location_restaurant_bar_01_58,Counter,Oak Corner Bar,solid,alias,0.48,1.18
location_restaurant_bar_01_59,Counter,Oak Bar,solid,alias,0.47,1.15
location_restaurant_bar_01_6,Counter,Bar Corner,solid,geometry,0.47,1.15
location_restaurant_bar_01_60,Counter,Oak Corner Bar,solid,alias,0.47,1.15
location_restaurant_bar_01_61,Counter,Oak Bar,solid,alias,0.47,1.15
location_restaurant_bar_01_62,Counter,Oak Corner Bar,solid,alias,0.47,1.15
location_restaurant_bar_01_63,Counter,Oak Bar,solid,alias,0.48,1.18
location_restaurant_bar_01_64,Bar,Dark Left Bar Wall,standable,alias,0.38,0.93
location_restaurant_bar_01_65,Bar,Dark Bar Wall,standable,alias,0.38,0.93
location_restaurant_bar_01_66,Bar,Dark Right Bar Wall,standable,alias,0.38,0.93
location_restaurant_bar_01_7,Counter,Bar,solid,geometry,0.47,1.15
location_restaurant_bar_01_72,Bar,Dark Left Bar Wall,standable,alias,0.38,0.93
location_restaurant_bar_01_73,Bar,Dark Bar Wall,standable,alias,0.38,0.93
location_restaurant_bar_01_74,Bar,Dark Right Bar Wall,standable,alias,0.38,0.93
location_restaurant_bar_01_76,CustomName,,standable,geometry,0.36,0.88
location_restaurant_bar_01_77,CustomName,,standable,geometry,0.36,0.88
location_restaurant_bar_01_78,CustomName,,standable,geometry,0.36,0.88
location_restaurant_bar_01_79,CustomName,,standable,geometry,0.36,0.88
location_restaurant_bar_01_8,Seating,Leather Bar,solid,geometry,0.51,1.25
location_restaurant_bar_01_84,CustomName,,standable,geometry,0.49,1.2
location_restaurant_bar_01_85,CustomName,,standable,geometry,0.49,1.2
location_restaurant_bar_01_9,Seating,Leather Bar,solid,geometry,0.18,0.44
location_restaurant_bar_smutz_28,Table,Large Dark Oak,solid,geometry,0.37,0.91
location_restaurant_bar_smutz_29,Table,Large Dark Oak,solid,alias,0.37,0.91
location_restaurant_bar_smutz_30,Table,Large Dark Oak,solid,alias,0.37,0.91
location_restaurant_bar_smutz_31,Table,Large Dark Oak,solid,alias,0.37,0.91
location_restaurant_diner_01_14,Table,50s Diner,solid,geometry,0.39,0.96
location_restaurant_diner_01_15,Table,50s Diner,solid,geometry,0.39,0.96
location_restaurant_diner_01_24,Counter,Diner Corner,solid,alias,0.36,0.88
location_restaurant_diner_01_25,Counter,Diner,solid,alias,0.36,0.88
location_restaurant_diner_01_26,Counter,Diner Corner,solid,alias,0.36,0.88
location_restaurant_diner_01_27,Counter,Diner,solid,alias,0.36,0.88
location_restaurant_diner_01_28,Counter,Diner Corner,solid,alias,0.36,0.88
location_restaurant_diner_01_29,Counter,Diner,solid,alias,0.36,0.88
location_restaurant_diner_01_30,Counter,Diner Corner,solid,alias,0.36,0.88
location_restaurant_diner_01_31,Counter,Diner,solid,alias,0.36,0.88
location_restaurant_diner_01_32,Seat,50s,solid,geometry,0.13,0.32
location_restaurant_diner_01_33,Seat,50s,solid,geometry,0.13,0.32
location_restaurant_diner_01_36,Seat,50s,solid,pixels,0.46,1.13
location_restaurant_diner_01_37,Seat,50s,solid,pixels,0.46,1.13
location_restaurant_diner_01_38,Seat,50s,solid,geometry,0.21,0.51
location_restaurant_diner_01_39,Seat,50s,solid,geometry,0.21,0.51
location_restaurant_diner_01_42,50s Barstool,,standable,geometry,0.23,0.56
location_restaurant_diner_01_6,Table,50s Diner,solid,geometry,0.39,0.96
location_restaurant_diner_01_7,Table,50s Diner,solid,geometry,0.39,0.96
location_restaurant_generic_01_0,Picknic Table,Brown,solid,geometry,0.35,0.86
location_restaurant_generic_01_1,Picknic Table,Brown,solid,geometry,0.35,0.86
location_restaurant_generic_01_10,Picknic Table,Blue,solid,alias,0.35,0.86
location_restaurant_generic_01_11,Picknic Table,Blue,solid,alias,0.35,0.86
location_restaurant_generic_01_12,Picknic Table,Blue,solid,alias,0.35,0.86
location_restaurant_generic_01_13,Picknic Table,Blue,solid,alias,0.35,0.86
location_restaurant_generic_01_14,Picknic Table,Blue,solid,alias,0.35,0.86
location_restaurant_generic_01_15,Picknic Table,Blue,solid,alias,0.35,0.86
location_restaurant_generic_01_16,Counter,Cantina Food,solid,geometry,0.36,0.88
location_restaurant_generic_01_17,Counter,Cantina Food,solid,geometry,0.36,0.88
location_restaurant_generic_01_18,Counter,Cantina Food,solid,geometry,0.36,0.88
location_restaurant_generic_01_19,Counter,Cantina Food,solid,geometry,0.36,0.88
location_restaurant_generic_01_2,Picknic Table,Brown,solid,geometry,0.35,0.86
location_restaurant_generic_01_20,Counter,Cantina Food,solid,geometry,0.36,0.88
location_restaurant_generic_01_21,Counter,Cantina Food,solid,geometry,0.36,0.88
location_restaurant_generic_01_22,Counter,Cantina Food,solid,geometry,0.36,0.88
location_restaurant_generic_01_23,Counter,Cantina Food,solid,geometry,0.36,0.88
location_restaurant_generic_01_24,Counter,Corner A,solid,geometry,0.66,1.62
location_restaurant_generic_01_25,Counter,Middle,solid,geometry,0.66,1.62
location_restaurant_generic_01_26,Counter,Corner B,solid,geometry,0.66,1.62
location_restaurant_generic_01_27,Counter,Corner A,solid,geometry,0.66,1.62
location_restaurant_generic_01_28,Counter,Middle,solid,geometry,0.66,1.62
location_restaurant_generic_01_29,Counter,Corner B,solid,geometry,0.66,1.62
location_restaurant_generic_01_3,Picknic Table,Brown,solid,geometry,0.35,0.86
location_restaurant_generic_01_32,Counter,Corner B,solid,geometry,0.66,1.62
location_restaurant_generic_01_33,Counter,Middle,solid,geometry,0.66,1.62
location_restaurant_generic_01_34,Counter,Corner A,solid,geometry,0.66,1.62
location_restaurant_generic_01_35,Counter,Corner B,solid,geometry,0.66,1.62
location_restaurant_generic_01_36,Counter,Middle,solid,geometry,0.66,1.62
location_restaurant_generic_01_37,Counter,Corner A,solid,geometry,0.66,1.62
location_restaurant_generic_01_4,Picknic Table,Brown,solid,geometry,0.35,0.86
location_restaurant_generic_01_5,Picknic Table,Brown,solid,geometry,0.35,0.86
location_restaurant_generic_01_6,Picknic Table,Brown,solid,geometry,0.35,0.86
location_restaurant_generic_01_7,Picknic Table,Brown,solid,geometry,0.35,0.86
location_restaurant_generic_01_8,Picknic Table,Blue,solid,alias,0.35,0.86
location_restaurant_generic_01_9,Picknic Table,Blue,solid,alias,0.35,0.86
location_restaurant_pie_01_14,Sign,Pie Menu,standable,geometry,0.83,2.03
location_restaurant_pie_01_32,Stand,Glass Display,solid,alias,0.42,1.03
location_restaurant_pie_01_33,Stand,Glass Display,solid,alias,0.42,1.03
location_restaurant_pie_01_34,Stand,Glass Display,solid,alias,0.42,1.03
location_restaurant_pie_01_35,Stand,Glass Display,solid,alias,0.42,1.03
location_restaurant_pie_01_40,Counter,Pie Store Corner,solid,alias,0.36,0.88
location_restaurant_pie_01_41,Counter,Pie Store,solid,alias,0.36,0.88
location_restaurant_pie_01_42,Counter,Pie Store Corner,solid,alias,0.36,0.88
location_restaurant_pie_01_43,Counter,Pie Store,solid,alias,0.36,0.88
location_restaurant_pie_01_44,Counter,Pie Store Corner,solid,alias,0.36,0.88
location_restaurant_pie_01_45,Counter,Pie Store,solid,alias,0.36,0.88
location_restaurant_pie_01_46,Counter,Pie Store Corner,solid,alias,0.36,0.88
location_restaurant_pie_01_47,Counter,Pie Store,solid,alias,0.36,0.88
location_restaurant_pie_01_48,Stand,Glass Display,solid,alias,0.42,1.03
location_restaurant_pie_01_49,Stand,Glass Display,solid,alias,0.42,1.03
location_restaurant_pie_01_50,Stand,Glass Display,solid,alias,0.42,1.03
location_restaurant_pie_01_51,Stand,Glass Display,solid,alias,0.42,1.03
location_restaurant_pie_01_52,Stand,Pie Display,solid,pixels,0.43,1.05
location_restaurant_pie_01_53,Stand,Pie Display,solid,alias,0.38,0.93
location_restaurant_pie_01_56,Poster,Red Pie,standable,geometry,0.72,1.76
location_restaurant_pie_01_57,Poster,Blue Pie,standable,alias,0.72,1.76
location_restaurant_pie_01_58,Poster,Green Pie,standable,alias,0.72,1.76
location_restaurant_pie_01_59,Poster,Pink Pie,standable,alias,0.72,1.76
location_restaurant_pileocrepe_01_24,Seat,Blue,solid,pixels,0.48,1.18
location_restaurant_pileocrepe_01_25,Seat,Blue,solid,pixels,0.46,1.13
location_restaurant_pileocrepe_01_26,Seat,Blue,solid,geometry,0.21,0.51
location_restaurant_pileocrepe_01_27,Seat,Blue,solid,geometry,0.21,0.51
location_restaurant_pileocrepe_01_28,Seat,Blue,solid,geometry,0.18,0.44
location_restaurant_pileocrepe_01_29,Seat,Blue,solid,geometry,0.18,0.44
location_restaurant_pileocrepe_01_30,Seat,Blue,solid,pixels,0.38,0.93
location_restaurant_pileocrepe_01_31,Seat,Blue,solid,pixels,0.41,1.0
location_restaurant_pileocrepe_01_32,Table,Large Bleached,solid,geometry,0.33,0.81
location_restaurant_pileocrepe_01_33,Table,Large Bleached,solid,geometry,0.33,0.81
location_restaurant_pileocrepe_01_34,Table,Large Bleached,solid,geometry,0.34,0.83
location_restaurant_pileocrepe_01_35,Table,Large Bleached,solid,geometry,0.34,0.83
location_restaurant_pileocrepe_01_36,Table,Light Wood Restaurant,solid,geometry,0.35,0.86
location_restaurant_pileocrepe_01_37,Table,Light Wood Restaurant,solid,geometry,0.34,0.83
location_restaurant_pileocrepe_01_40,Chair,Pile o' Crepe,standable,geometry,0.18,0.44
location_restaurant_pileocrepe_01_42,Chair,Pile o' Crepe,standable,IsLow default,0.35,0.86
location_restaurant_pileocrepe_01_43,Chair,Pile o' Crepe,standable,geometry,0.18,0.44
location_restaurant_pileocrepe_01_50,,,standable,alias,0.8,1.96
location_restaurant_pileocrepe_01_51,,,standable,alias,0.8,1.96
location_restaurant_pileocrepe_01_54,,,standable,alias,0.8,1.96
location_restaurant_pileocrepe_01_55,,,standable,alias,0.8,1.96
location_restaurant_pizzawhirled_01_17,Bin,Garbage,solid,geometry,0.51,1.25
location_restaurant_pizzawhirled_01_18,Bin,Garbage,solid,geometry,0.51,1.25
location_restaurant_pizzawhirled_01_32,Counter,Pizzawhirled Corner,solid,alias,0.36,0.88
location_restaurant_pizzawhirled_01_33,Counter,Pizzawhirled,solid,alias,0.36,0.88
location_restaurant_pizzawhirled_01_34,Counter,Pizzawhirled Corner,solid,alias,0.36,0.88
location_restaurant_pizzawhirled_01_35,Counter,Pizzawhirled,solid,alias,0.36,0.88
location_restaurant_pizzawhirled_01_36,Counter,Pizzawhirled Corner,solid,alias,0.36,0.88
location_restaurant_pizzawhirled_01_37,Counter,Pizzawhirled,solid,alias,0.36,0.88
location_restaurant_pizzawhirled_01_38,Counter,Pizzawhirled Corner,solid,alias,0.36,0.88
location_restaurant_pizzawhirled_01_39,Counter,Pizzawhirled,solid,alias,0.36,0.88
location_restaurant_pizzawhirled_01_40,Seat,Whirled,solid,geometry,0.18,0.44
location_restaurant_pizzawhirled_01_41,Seat,Whirled,solid,geometry,0.18,0.44
location_restaurant_pizzawhirled_01_43,Seat,Whirled,solid,pixels,0.41,1.0
location_restaurant_pizzawhirled_01_44,Seat,Whirled,solid,geometry,0.18,0.44
location_restaurant_pizzawhirled_01_45,Seat,Whirled,solid,geometry,0.18,0.44
location_restaurant_pizzawhirled_01_46,Seat,Whirled,solid,pixels,0.41,1.0
location_restaurant_pizzawhirled_01_47,Seat,Whirled,solid,pixels,0.42,1.03
location_restaurant_pizzawhirled_01_48,Table,Pizza Dinner,solid,geometry,0.39,0.96
location_restaurant_pizzawhirled_01_49,Table,Pizza Dinner,solid,geometry,0.39,0.96
location_restaurant_pizzawhirled_01_50,Table,Pizza Dinner,solid,pixels,0.44,1.08
location_restaurant_pizzawhirled_01_51,Table,Pizza Dinner,solid,pixels,0.43,1.05
location_restaurant_pizzawhirled_01_58,,,standable,alias,0.8,1.96
location_restaurant_pizzawhirled_01_59,,,standable,alias,0.8,1.96
location_restaurant_pizzawhirled_01_62,,,standable,alias,0.8,1.96
location_restaurant_pizzawhirled_01_63,,,standable,alias,0.8,1.96
location_restaurant_pizzawhirled_01_64,Display,Glass Display,solid,geometry,0.42,1.03
location_restaurant_pizzawhirled_01_65,Display,Glass Display,solid,geometry,0.42,1.03
location_restaurant_pizzawhirled_01_66,Display,Glass Display,solid,geometry,0.42,1.03
location_restaurant_pizzawhirled_01_67,Display,Glass Display,solid,geometry,0.42,1.03
location_restaurant_pizzawhirled_01_68,Display,Glass Display,solid,geometry,0.42,1.03
location_restaurant_pizzawhirled_01_69,Display,Glass Display,solid,geometry,0.42,1.03
location_restaurant_pizzawhirled_01_70,Display,Glass Display,solid,geometry,0.42,1.03
location_restaurant_pizzawhirled_01_71,Display,Glass Display,solid,geometry,0.42,1.03
location_restaurant_seahorse_01_38,Bin,Garbage,solid,geometry,0.47,1.15
location_restaurant_seahorse_01_39,Bin,Garbage,solid,geometry,0.48,1.18
location_restaurant_seahorse_01_40,Counter,Seahorse Coffee Corner,solid,alias,0.36,0.88
location_restaurant_seahorse_01_41,Counter,Seahorse Coffee,solid,alias,0.36,0.88
location_restaurant_seahorse_01_42,Counter,Seahorse Coffee Corner,solid,alias,0.36,0.88
location_restaurant_seahorse_01_43,Counter,Seahorse Coffee,solid,alias,0.36,0.88
location_restaurant_seahorse_01_44,Counter,Seahorse Coffee Corner,solid,alias,0.36,0.88
location_restaurant_seahorse_01_45,Counter,Seahorse Coffee,solid,alias,0.36,0.88
location_restaurant_seahorse_01_46,Counter,Seahorse Coffee Corner,solid,alias,0.36,0.88
location_restaurant_seahorse_01_47,Counter,Seahorse Coffee,solid,alias,0.36,0.88
location_restaurant_seahorse_01_50,,,standable,alias,0.8,1.96
location_restaurant_seahorse_01_51,,,standable,alias,0.8,1.96
location_restaurant_seahorse_01_56,Display,Seahorse Coffee Glass,solid,alias,0.42,1.03
location_restaurant_seahorse_01_57,Display,Seahorse Coffee Glass,solid,alias,0.42,1.03
location_restaurant_seahorse_01_58,Display,Seahorse Coffee Glass,solid,alias,0.42,1.03
location_restaurant_seahorse_01_59,Display,Seahorse Coffee Glass,solid,alias,0.42,1.03
location_restaurant_seahorse_01_60,Display,Seahorse Coffee Glass,solid,alias,0.42,1.03
location_restaurant_seahorse_01_61,Display,Seahorse Coffee Glass,solid,alias,0.42,1.03
location_restaurant_seahorse_01_62,Display,Seahorse Coffee Glass,solid,alias,0.42,1.03
location_restaurant_seahorse_01_63,Display,Seahorse Coffee Glass,solid,alias,0.42,1.03
location_restaurant_spiffos_01_30,Bin,Spiffos Garbage,solid,geometry,0.49,1.2
location_restaurant_spiffos_01_31,Bin,Spiffos Garbage,solid,geometry,0.49,1.2
location_restaurant_spiffos_01_50,,,standable,alias,0.8,1.96
location_restaurant_spiffos_01_51,,,standable,alias,0.8,1.96
location_restaurant_spiffos_01_54,,,standable,alias,0.8,1.96
location_restaurant_spiffos_01_55,,,standable,alias,0.8,1.96
location_restaurant_spiffos_01_56,Counter,Spiffos Corner,solid,alias,0.36,0.88
location_restaurant_spiffos_01_57,Counter,Spiffos,solid,alias,0.36,0.88
location_restaurant_spiffos_01_58,Counter,Spiffos Corner,solid,alias,0.36,0.88
location_restaurant_spiffos_01_59,Counter,Spiffos,solid,alias,0.36,0.88
location_restaurant_spiffos_01_60,Counter,Spiffos Corner,solid,alias,0.36,0.88
location_restaurant_spiffos_01_61,Counter,Spiffos,solid,alias,0.36,0.88
location_restaurant_spiffos_01_62,Counter,Spiffos Corner,solid,alias,0.36,0.88
location_restaurant_spiffos_01_63,Counter,Spiffos,solid,alias,0.36,0.88
location_restaurant_spiffos_02_16,Seat,Spiffos Lounge,solid,geometry,0.18,0.44
location_restaurant_spiffos_02_17,Seat,Spiffos Lounge,solid,geometry,0.18,0.44
location_restaurant_spiffos_02_18,Seat,Spiffos Lounge,solid,pixels,0.42,1.03
location_restaurant_spiffos_02_19,Seat,Spiffos Lounge,solid,pixels,0.41,1.0
location_restaurant_spiffos_02_20,Seat,Spiffos Lounge,solid,geometry,0.18,0.44
location_restaurant_spiffos_02_21,Seat,Spiffos Lounge,solid,geometry,0.18,0.44
location_restaurant_spiffos_02_22,Seat,Spiffos Lounge,solid,pixels,0.41,1.0
location_restaurant_spiffos_02_23,Seat,Spiffos Lounge,solid,pixels,0.42,1.03
location_restaurant_spiffos_02_24,Chair,Spiffos Dinner,standable,geometry,0.49,1.2
location_restaurant_spiffos_02_25,Chair,Spiffos Dinner,standable,geometry,0.26,0.64
location_restaurant_spiffos_02_26,Chair,Spiffos Dinner,standable,IsLow default,0.35,0.86
location_restaurant_spiffos_02_27,Chair,Spiffos Dinner,standable,IsLow default,0.35,0.86
location_restaurant_spiffos_02_32,Table,Spiffos Type B,solid,geometry,0.38,0.93
location_restaurant_spiffos_02_33,Table,Spiffos Type B,solid,geometry,0.38,0.93
location_restaurant_spiffos_02_34,Table,Spiffos Type B,solid,geometry,0.38,0.93
location_restaurant_spiffos_02_35,Table,Spiffos Type B,solid,geometry,0.38,0.93
location_restaurant_spiffos_02_36,Table,Spiffos Type A,solid,geometry,0.37,0.91
location_restaurant_spiffos_02_37,Table,Spiffos Type A,solid,geometry,0.37,0.91
location_restaurant_spiffos_02_38,Table,Spiffos Type A,solid,geometry,0.37,0.91
location_restaurant_spiffos_02_39,Table,Spiffos Type A,solid,geometry,0.37,0.91
location_restaurant_spiffos_02_46,Sign,Spiffos,standable,geometry,0.65,1.59
location_restaurant_spiffos_02_47,Sign,Spiffos,standable,alias,0.65,1.59
location_restaurant_spiffos_02_54,Sign,Spiffos,standable,geometry,0.65,1.59
location_restaurant_spiffos_02_55,Sign,Spiffos,standable,alias,0.65,1.59
location_restaurant_spiffos_02_56,Sign,Spiffos Arrow,standable,geometry,0.47,1.15
location_restaurant_spiffos_02_57,Sign,Spiffos Arrow,standable,geometry,0.47,1.15
location_restaurant_spiffos_02_58,Sign,Spiffos Arrow,standable,alias,0.47,1.15
location_restaurant_spiffos_02_59,Sign,Spiffos Arrow,standable,alias,0.47,1.15
location_restaurant_spiffos_02_63,,,standable,geometry,0.36,0.88
location_restaurant_spiffos_02_on_56,,,standable,alias,0.47,1.15
location_restaurant_spiffos_02_on_57,,,standable,alias,0.47,1.15
location_restaurant_spiffos_02_on_58,,,standable,alias,0.47,1.15
location_restaurant_spiffos_02_on_59,,,standable,alias,0.47,1.15
location_restaurant_spiffos_03_14,Wall,Spiffo On A,standable,alias,0.49,1.2
location_restaurant_spiffos_03_15,Wall,Spiffo On A,standable,alias,0.49,1.2
location_restaurant_spiffos_03_6,Wall,Spiffo On A,standable,alias,0.49,1.2
location_restaurant_spiffos_03_7,Wall,Spiffo On A,standable,alias,0.49,1.2
location_services_beauty_01_0,Chair,Salon,solid,pixels,0.25,0.61
location_services_beauty_01_1,Chair,Salon,solid,geometry,0.19,0.47
location_services_beauty_01_2,Chair,Salon,solid,geometry,0.19,0.47
location_services_beauty_01_3,Chair,Salon,solid,pixels,0.25,0.61
location_sewer_01_24,,,solid,geometry,0.67,1.64
location_sewer_01_25,,,solid,geometry,0.67,1.64
location_sewer_01_26,,,solid,geometry,0.67,1.64
location_shop_accessories_01_16,Machine,Large,solid,geometry,0.75,1.84
location_shop_accessories_01_17,Machine,Large,solid,geometry,0.75,1.84
location_shop_accessories_01_18,Machine,Small Soda,solid,geometry,0.67,1.64
location_shop_accessories_01_19,Machine,Small Soda,solid,geometry,0.67,1.64
location_shop_accessories_01_28,Machine,Large,solid,pixels,0.78,1.91
location_shop_accessories_01_29,Machine,Large,solid,pixels,0.79,1.94
location_shop_accessories_01_30,Machine,Small Soda,solid,pixels,0.69,1.69
location_shop_accessories_01_31,Machine,Small Soda,solid,pixels,0.69,1.69
location_shop_accessories_genericsigns_01_6,Sign,For Sale,standable,geometry,0.41,1.0
location_shop_accessories_genericsigns_01_7,Sign,For Sale,standable,geometry,0.41,1.0
location_shop_bargNclothes_01_38,Sign,Blowout,solid,geometry,0.6,1.47
location_shop_bargNclothes_01_39,Sign,Blowout,solid,geometry,0.6,1.47
location_shop_fossoil_01_10,Stand,Fossoil Candy,solid,geometry,0.61,1.49
location_shop_fossoil_01_16,Counter,Fossoil Corner,solid,alias,0.36,0.88
location_shop_fossoil_01_17,Counter,Fossoil,solid,alias,0.36,0.88
location_shop_fossoil_01_18,Counter,Fossoil Corner,solid,alias,0.36,0.88
location_shop_fossoil_01_19,Counter,Fossoil,solid,alias,0.36,0.88
location_shop_fossoil_01_20,Counter,Fossoil Corner,solid,alias,0.36,0.88
location_shop_fossoil_01_21,Counter,Fossoil,solid,alias,0.36,0.88
location_shop_fossoil_01_22,Counter,Fossoil Corner,solid,alias,0.36,0.88
location_shop_fossoil_01_23,Counter,Fossoil,solid,alias,0.36,0.88
location_shop_fossoil_01_32,Bin,Fossoil Garbage,standable,alias,0.41,1.0
location_shop_fossoil_01_33,Bin,Fossoil Garbage,standable,alias,0.41,1.0
location_shop_fossoil_01_34,Magazine Shelf,Blue,standable,alias,0.59,1.45
location_shop_fossoil_01_35,Magazine Shelf,Blue,standable,alias,0.59,1.45
location_shop_fossoil_01_36,Magazine Shelf,Blue,standable,alias,0.59,1.45
location_shop_fossoil_01_37,Magazine Shelf,Blue,standable,alias,0.59,1.45
location_shop_fossoil_01_62,,,standable,alias,0.8,1.96
location_shop_fossoil_01_63,,,standable,alias,0.8,1.96
location_shop_fossoil_01_64,Magazine Shelf,Blue,standable,alias,0.59,1.45
location_shop_fossoil_01_65,Magazine Shelf,Blue,standable,alias,0.59,1.45
location_shop_fossoil_01_66,Magazine Shelf,Blue,standable,alias,0.59,1.45
location_shop_fossoil_01_67,Magazine Shelf,Blue,standable,alias,0.59,1.45
location_shop_fossoil_01_68,Sign,Out of Gas,standable,IsLow default,0.35,0.86
location_shop_fossoil_01_69,Sign,Out of Gas,standable,IsLow default,0.35,0.86
location_shop_fossoil_01_70,Shelves,Fossoil Low,solid,alias,0.36,0.88
location_shop_fossoil_01_71,Shelves,Fossoil Low,solid,alias,0.36,0.88
location_shop_fossoil_01_72,Stand,Fossoil Candy,solid,geometry,0.61,1.49
location_shop_gas2go_01_16,Counter,Gas2Go Corner,solid,alias,0.36,0.88
location_shop_gas2go_01_17,Counter,Gas2Go,solid,alias,0.36,0.88
location_shop_gas2go_01_18,Counter,Gas2Go Corner,solid,alias,0.36,0.88
location_shop_gas2go_01_19,Counter,Gas2Go,solid,alias,0.36,0.88
location_shop_gas2go_01_20,Counter,Gas2Go Corner,solid,alias,0.36,0.88
location_shop_gas2go_01_21,Counter,Gas2Go,solid,alias,0.36,0.88
location_shop_gas2go_01_22,Counter,Gas2Go Corner,solid,alias,0.36,0.88
location_shop_gas2go_01_23,Counter,Gas2Go,solid,alias,0.36,0.88
location_shop_gas2go_01_30,Shelves,Gas2Go Low,solid,alias,0.36,0.88
location_shop_gas2go_01_31,Shelves,Gas2Go Low,solid,alias,0.36,0.88
location_shop_gas2go_01_38,Sign,Out of Gas,standable,IsLow default,0.35,0.86
location_shop_gas2go_01_39,Sign,Out of Gas,standable,IsLow default,0.35,0.86
location_shop_gas2go_01_62,,,standable,alias,0.8,1.96
location_shop_gas2go_01_63,,,standable,alias,0.8,1.96
location_shop_generic_01_0,Shelves,Comics Shop,solid,geometry,0.33,0.81
location_shop_generic_01_1,Shelves,Comics Shop,solid,geometry,0.33,0.81
location_shop_generic_01_10,Shelves,Beige Rack Shop,solid,alias,0.33,0.81
location_shop_generic_01_100,Counter,Glass Corner Display,solid,alias,0.36,0.88
location_shop_generic_01_101,Counter,Glass Display,solid,alias,0.36,0.88
location_shop_generic_01_102,Counter,Glass Corner Display,solid,alias,0.36,0.88
location_shop_generic_01_103,Counter,Glass Display,solid,alias,0.36,0.88
location_shop_generic_01_104,Magazine Stand,,solid,geometry,0.59,1.45
location_shop_generic_01_105,Magazine Stand,,solid,geometry,0.59,1.45
location_shop_generic_01_106,Magazine Stand,,solid,geometry,0.59,1.45
location_shop_generic_01_107,Magazine Stand,,solid,geometry,0.59,1.45
location_shop_generic_01_108,Shelves,Generic Shop Low,solid,alias,0.36,0.88
location_shop_generic_01_109,Shelves,Generic Shop Low,solid,alias,0.36,0.88
location_shop_generic_01_11,Shelves,Beige Rack Shop,standable,geometry,0.46,1.13
location_shop_generic_01_112,Counter,Rounded Glass Display,solid,geometry,0.42,1.03
location_shop_generic_01_113,Counter,Rounded Glass Display,solid,geometry,0.42,1.03
location_shop_generic_01_114,Counter,Rounded Glass Display,solid,geometry,0.42,1.03
location_shop_generic_01_115,Counter,Rounded Glass Display,solid,geometry,0.42,1.03
location_shop_generic_01_116,Shelves,Fancy Wooden Shop,solid,geometry,0.4,0.98
location_shop_generic_01_117,Shelves,Fancy Wooden Shop,solid,geometry,0.4,0.98
location_shop_generic_01_118,Shelves,Wooden Shop,solid,geometry,0.31,0.76
location_shop_generic_01_119,Shelves,Wooden Shop,solid,geometry,0.31,0.76
location_shop_generic_01_12,Shelves,Beige Rack Shop,standable,geometry,0.46,1.13
location_shop_generic_01_13,Shelves,Beige Rack Shop,solid,geometry,0.33,0.81
location_shop_generic_01_14,Shelves,Beige Rack Shop,solid,alias,0.33,0.81
location_shop_generic_01_15,Shelves,Beige Rack Shop,solid,geometry,0.33,0.81
location_shop_generic_01_16,Counter,Generic Shop Corner,solid,alias,0.36,0.88
location_shop_generic_01_17,Counter,Generic Shop,solid,alias,0.36,0.88
location_shop_generic_01_18,Counter,Generic Shop Corner,solid,alias,0.36,0.88
location_shop_generic_01_19,Counter,Generic Shop,solid,alias,0.36,0.88
location_shop_generic_01_2,Shelves,Beige Magazine Shop,solid,pixels,0.41,1.0
location_shop_generic_01_20,Counter,Generic Shop Corner,solid,alias,0.36,0.88
location_shop_generic_01_21,Counter,Generic Shop,solid,alias,0.36,0.88
location_shop_generic_01_22,Counter,Generic Shop Corner,solid,alias,0.36,0.88
location_shop_generic_01_23,Counter,Generic Shop,solid,alias,0.36,0.88
location_shop_generic_01_24,Magazine Stand,,solid,geometry,0.59,1.45
location_shop_generic_01_25,Magazine Stand,,solid,alias,0.59,1.45
location_shop_generic_01_26,Magazine Stand,,solid,geometry,0.59,1.45
location_shop_generic_01_27,Magazine Stand,,solid,alias,0.59,1.45
location_shop_generic_01_3,Shelves,Beige Magazine Shop,solid,pixels,0.41,1.0
location_shop_generic_01_32,Counter,Rounded Glass Display,solid,geometry,0.42,1.03
location_shop_generic_01_33,Counter,Rounded Glass Display,solid,geometry,0.42,1.03
location_shop_generic_01_34,Counter,Rounded Glass Display,solid,geometry,0.42,1.03
location_shop_generic_01_35,Counter,Rounded Glass Display,solid,geometry,0.42,1.03
location_shop_generic_01_36,Rack,Large Clothes,standable,geometry,0.61,1.49
location_shop_generic_01_37,Rack,Large Clothes,standable,geometry,0.61,1.49
location_shop_generic_01_38,Rack,Large Clothes,standable,geometry,0.61,1.49
location_shop_generic_01_39,Rack,Large Clothes,standable,geometry,0.61,1.49
location_shop_generic_01_40,Shelves,Long,solid,geometry,0.33,0.81
location_shop_generic_01_41,Shelves,Long,solid,geometry,0.33,0.81
location_shop_generic_01_42,Shelves,Long,solid,alias,0.33,0.81
location_shop_generic_01_43,Shelves,Long,standable,geometry,0.46,1.13
location_shop_generic_01_44,Shelves,Long,standable,geometry,0.46,1.13
location_shop_generic_01_45,Shelves,Long,solid,geometry,0.33,0.81
location_shop_generic_01_46,Shelves,Long,solid,alias,0.33,0.81
location_shop_generic_01_47,Shelves,Long,solid,geometry,0.33,0.81
location_shop_generic_01_48,Rack,Small Clothes,standable,geometry,0.51,1.25
location_shop_generic_01_49,Rack,Small Clothes,standable,geometry,0.51,1.25
location_shop_generic_01_52,Clothes Stand,,standable,geometry,0.58,1.42
location_shop_generic_01_56,Wardrobe,Open,solid,pixels,0.58,1.42
location_shop_generic_01_57,Wardrobe,Open,solid,pixels,0.66,1.62
location_shop_generic_01_58,Wardrobe,Open,solid,pixels,0.61,1.49
location_shop_generic_01_59,Wardrobe,Open,solid,pixels,0.61,1.49
location_shop_generic_01_60,Wardrobe,Open,solid,pixels,0.66,1.62
location_shop_generic_01_61,Wardrobe,Open,solid,pixels,0.6,1.47
location_shop_generic_01_62,Shelves,Wooden Shop,solid,geometry,0.33,0.81
location_shop_generic_01_63,Shelves,Wooden Shop,solid,geometry,0.33,0.81
location_shop_generic_01_64,Shelves,Generic Cooled,solid,geometry,0.79,1.94
location_shop_generic_01_65,Shelves,Generic Cooled,solid,geometry,0.79,1.94
location_shop_generic_01_66,Shelves,Generic Cooled,solid,geometry,0.79,1.94
location_shop_generic_01_67,Shelves,Generic Cooled,solid,geometry,0.79,1.94
location_shop_generic_01_68,Shelves,Generic Cooled,solid,geometry,0.79,1.94
location_shop_generic_01_69,Shelves,Generic Cooled,solid,geometry,0.79,1.94
location_shop_generic_01_70,Sign,Sale,standable,geometry,0.61,1.49
location_shop_generic_01_71,Sign,Sale,standable,geometry,0.61,1.49
location_shop_generic_01_72,Shelves,Large Shop,solid,geometry,0.69,1.69
location_shop_generic_01_73,Shelves,Large Shop,solid,geometry,0.69,1.69
location_shop_generic_01_74,Shelves,Large Shop,solid,geometry,0.69,1.69
location_shop_generic_01_75,Shelves,Large Shop,solid,geometry,0.69,1.69
location_shop_generic_01_76,Shelves,Large Shop,solid,geometry,0.69,1.69
location_shop_generic_01_77,Shelves,Large Shop,solid,geometry,0.69,1.69
location_shop_generic_01_78,Shelves,Large Shop,solid,geometry,0.69,1.69
location_shop_generic_01_79,Shelves,Large Shop,solid,geometry,0.69,1.69
location_shop_generic_01_8,Shelves,Beige Rack Shop,solid,geometry,0.33,0.81
location_shop_generic_01_80,Counter,White Display,solid,geometry,0.51,1.25
location_shop_generic_01_81,Counter,White Display,solid,geometry,0.51,1.25
location_shop_generic_01_82,Counter,White Display,solid,geometry,0.51,1.25
location_shop_generic_01_83,Counter,White Display,solid,geometry,0.51,1.25
location_shop_generic_01_84,Counter,White Display,solid,geometry,0.51,1.25
location_shop_generic_01_85,Counter,White Display,solid,geometry,0.51,1.25
location_shop_generic_01_86,Shelves,Fancy Wooden Shop,solid,geometry,0.42,1.03
location_shop_generic_01_87,Shelves,Fancy Wooden Shop,solid,geometry,0.42,1.03
location_shop_generic_01_88,Counter,Shop Display,solid,pixels,0.44,1.08
location_shop_generic_01_89,Counter,Shop Display,solid,geometry,0.38,0.93
location_shop_generic_01_9,Shelves,Beige Rack Shop,solid,geometry,0.33,0.81
location_shop_generic_01_90,Counter,Shop Display,solid,pixels,0.35,0.86
location_shop_generic_01_91,Counter,Shop Display,solid,pixels,0.34,0.83
location_shop_generic_01_92,Shelves,Trapzoid Shop,solid,pixels,0.43,1.05
location_shop_generic_01_93,Shelves,Trapzoid Shop,solid,pixels,0.42,1.03
location_shop_generic_01_95,Shelves,Trapzoid Shop,solid,pixels,0.4,0.98
location_shop_generic_01_96,Counter,Glass Corner Display,solid,alias,0.36,0.88
location_shop_generic_01_97,Counter,Glass Display,solid,alias,0.36,0.88
location_shop_generic_01_98,Counter,Glass Corner Display,solid,alias,0.36,0.88
location_shop_generic_01_99,Counter,Glass Display,solid,alias,0.36,0.88
location_shop_greenes_01_24,Counter,Greene 's Grocery Display,solid,pixels,0.44,1.08
location_shop_greenes_01_25,Counter,Greene 's Grocery Display,solid,alias,0.38,0.93
location_shop_greenes_01_26,Counter,Greene 's Grocery Display,solid,pixels,0.35,0.86
location_shop_greenes_01_27,Counter,Greene 's Grocery Display,solid,pixels,0.34,0.83
location_shop_greenes_01_28,Counter,Grocery Trapezoid,solid,pixels,0.43,1.05
location_shop_greenes_01_29,Counter,Grocery Trapezoid,solid,pixels,0.42,1.03
location_shop_greenes_01_30,Counter,Grocery Trapezoid,solid,pixels,0.4,0.98
location_shop_greenes_01_31,Counter,Grocery Trapezoid,solid,pixels,0.4,0.98
location_shop_greenes_01_35,Small Crate,,solid,geometry,0.22,0.54
location_shop_greenes_01_36,,,solid,geometry,0.45,1.1
location_shop_greenes_01_37,Basket,Vegetable,standable,geometry,0.16,0.39
location_shop_greenes_01_38,Basket,Vegetable,standable,geometry,0.16,0.39
location_shop_greenes_01_45,Sign,99 Cent Sale,standable,geometry,0.62,1.52
location_shop_greenes_01_46,Sign,99 Cent Sale,standable,geometry,0.62,1.52
location_shop_greenes_01_56,Shelves,Greene's Grocery,solid,alias,0.33,0.81
location_shop_greenes_01_57,Shelves,Greene's Grocery,solid,alias,0.33,0.81
location_shop_greenes_01_58,Shelves,Greene's Grocery,solid,alias,0.33,0.81
location_shop_greenes_01_59,Shelves,Greene's Grocery,solid,alias,0.46,1.13
location_shop_greenes_01_60,Shelves,Greene's Grocery,solid,alias,0.46,1.13
location_shop_greenes_01_61,Shelves,Greene's Grocery,solid,alias,0.33,0.81
location_shop_greenes_01_62,Shelves,Greene's Grocery,solid,alias,0.33,0.81
location_shop_greenes_01_63,Shelves,Greene's Grocery,solid,alias,0.33,0.81
location_shop_mall_01_28,,,solid,alias,0.28,0.69
location_shop_mall_01_29,,,solid,geometry,0.28,0.69
location_shop_mall_01_30,,,solid,alias,0.28,0.69
location_shop_mall_01_31,,,solid,alias,0.28,0.69
location_shop_mall_01_32,Bench,Brick Mall,solid,geometry,0.15,0.37
location_shop_mall_01_33,Bench,Brick Mall,solid,geometry,0.15,0.37
location_shop_mall_01_34,Bench,Brick Mall,solid,geometry,0.19,0.47
location_shop_mall_01_35,Bench,Brick Mall,solid,geometry,0.19,0.47
location_shop_mall_01_36,Bench,Brick Mall,solid,geometry,0.15,0.37
location_shop_mall_01_37,Bench,Brick Mall,solid,geometry,0.15,0.37
location_shop_mall_01_38,Bench,Brick Mall,solid,geometry,0.19,0.47
location_shop_mall_01_39,Bench,Brick Mall,solid,geometry,0.19,0.47
location_shop_mall_01_40,Chair,Mall,standable,geometry,0.23,0.56
location_shop_mall_01_41,Chair,Mall,standable,IsLow default,0.35,0.86
location_shop_mall_01_42,Chair,Mall,standable,IsLow default,0.35,0.86
location_shop_mall_01_43,Chair,Mall,standable,geometry,0.39,0.96
location_shop_mall_01_44,Empty Mall Decoration,,solid,alias,0.28,0.69
location_shop_mall_01_45,Mall Map,,solid,geometry,0.69,1.69
location_shop_mall_01_46,Mall Map,,solid,geometry,0.69,1.69
location_shop_mall_01_47,Mall Decoration,,solid,geometry,0.28,0.69
location_shop_mall_01_48,,,solid,geometry,0.38,0.93
location_shop_mall_01_49,,,solid,geometry,0.38,0.93
location_shop_mall_01_50,,,solid,geometry,0.38,0.93
location_shop_mall_01_51,,,solid,geometry,0.38,0.93
location_shop_mall_01_64,Mannequin Stand,,solid,geometry,0.19,0.47
location_shop_mall_01_72,Mannequin Stand,,solid,alias,0.19,0.47
location_shop_zippee_01_10,Rack,Zippee Shelves,solid,alias,0.33,0.81
location_shop_zippee_01_11,Rack,Zippee Shelves,standable,alias,0.46,1.13
location_shop_zippee_01_12,Rack,Zippee Shelves,standable,alias,0.46,1.13
location_shop_zippee_01_13,Rack,Zippee Shelves,solid,alias,0.33,0.81
location_shop_zippee_01_14,Rack,Zippee Shelves,solid,alias,0.33,0.81
location_shop_zippee_01_15,Rack,Zippee Shelves,solid,alias,0.33,0.81
location_shop_zippee_01_16,Counter,Zippee Corner,solid,alias,0.36,0.88
location_shop_zippee_01_17,Counter,Zippee,solid,alias,0.36,0.88
location_shop_zippee_01_18,Counter,Zippee Corner,solid,alias,0.36,0.88
location_shop_zippee_01_19,Counter,Zippee,solid,alias,0.36,0.88
location_shop_zippee_01_20,Counter,Zippee Corner,solid,alias,0.36,0.88
location_shop_zippee_01_21,Counter,Zippee,solid,alias,0.36,0.88
location_shop_zippee_01_22,Counter,Zippee Corner,solid,alias,0.36,0.88
location_shop_zippee_01_23,Counter,Zippee,solid,alias,0.36,0.88
location_shop_zippee_01_24,Magazine Shelf,Red,solid,alias,0.59,1.45
location_shop_zippee_01_25,Magazine Shelf,Red,solid,alias,0.59,1.45
location_shop_zippee_01_26,Magazine Shelf,Red,solid,alias,0.59,1.45
location_shop_zippee_01_27,Magazine Shelf,Red,solid,alias,0.59,1.45
location_shop_zippee_01_32,Magazine Shelf,Red,solid,alias,0.59,1.45
location_shop_zippee_01_33,Magazine Shelf,Red,solid,alias,0.59,1.45
location_shop_zippee_01_34,Magazine Shelf,Red,solid,alias,0.59,1.45
location_shop_zippee_01_35,Magazine Shelf,Red,solid,alias,0.59,1.45
location_shop_zippee_01_4,Shelves,Zippee Low Wall,standable,IsLow default,0.35,0.86
location_shop_zippee_01_5,Shelves,Zippee Low Wall,standable,IsLow default,0.35,0.86
location_shop_zippee_01_56,Soda Machine,SlurpBurp,solid,geometry,0.69,1.69
location_shop_zippee_01_57,Soda Machine,SlurpBurp,solid,geometry,0.69,1.69
location_shop_zippee_01_58,Counter,Zippee Display,solid,alias,0.36,0.88
location_shop_zippee_01_59,Counter,Zippee Display,solid,alias,0.36,0.88
location_shop_zippee_01_60,Soda Machine,SlurpBurp,solid,geometry,0.71,1.74
location_shop_zippee_01_61,Soda Machine,SlurpBurp,solid,geometry,0.71,1.74
location_shop_zippee_01_62,Shelves,Zippee Low Wall,standable,alias,0.31,0.76
location_shop_zippee_01_63,Shelves,Zippee Low Wall,standable,alias,0.31,0.76
location_shop_zippee_01_8,Rack,Zippee Shelves,solid,alias,0.33,0.81
location_shop_zippee_01_9,Rack,Zippee Shelves,solid,alias,0.33,0.81
location_trailer_01_40,,,standable,geometry,0.24,0.59
location_trailer_01_41,,,standable,geometry,0.24,0.59
location_trailer_01_42,,,standable,geometry,0.24,0.59
location_trailer_01_43,,,standable,geometry,0.24,0.59
location_trailer_01_48,,,standable,geometry,0.24,0.59
location_trailer_01_49,,,standable,geometry,0.24,0.59
location_trailer_01_50,,,standable,geometry,0.24,0.59
location_trailer_01_51,,,standable,geometry,0.24,0.59
location_trailer_01_52,,,standable,geometry,0.24,0.59
location_trailer_01_53,,,standable,geometry,0.24,0.59
location_trailer_01_54,,,standable,geometry,0.24,0.59
location_trailer_01_55,,,standable,geometry,0.24,0.59
location_trailer_02_0,Seat,Trailer Fixed,solid,geometry,0.18,0.44
location_trailer_02_1,Seat,Trailer Fixed,solid,geometry,0.18,0.44
location_trailer_02_10,Fridge,Build-in Trailer,solid,alias,0.36,0.88
location_trailer_02_11,Fridge,Build-in Trailer,solid,alias,0.36,0.88
location_trailer_02_12,Table,Lightwood Trailer,solid,geometry,0.29,0.71
location_trailer_02_13,Table,Lightwood Trailer,solid,geometry,0.29,0.71
location_trailer_02_14,Table,Lightwood Trailer,solid,geometry,0.29,0.71
location_trailer_02_15,Table,Lightwood Trailer,solid,geometry,0.29,0.71
location_trailer_02_16,Fridge,Build-in Trailer,solid,alias,0.36,0.88
location_trailer_02_17,Fridge,Build-in Trailer,solid,alias,0.36,0.88
location_trailer_02_18,Counter,Trailer,solid,alias,0.36,0.88
location_trailer_02_19,Counter,Trailer,solid,alias,0.36,0.88
location_trailer_02_2,Seat,Trailer Fixed,solid,geometry,0.18,0.44
location_trailer_02_20,Counter,Trailer,solid,alias,0.36,0.88
location_trailer_02_21,Counter,Trailer,solid,alias,0.36,0.88
location_trailer_02_24,,,standable,alias,0.24,0.59
location_trailer_02_25,,,standable,alias,0.24,0.59
location_trailer_02_26,,,standable,alias,0.24,0.59
location_trailer_02_27,,,standable,alias,0.24,0.59
location_trailer_02_3,Seat,Trailer Fixed,solid,geometry,0.18,0.44
location_trailer_02_32,,,standable,alias,0.24,0.59
location_trailer_02_33,,,standable,alias,0.24,0.59
location_trailer_02_34,,,standable,alias,0.24,0.59
location_trailer_02_35,,,standable,alias,0.24,0.59
location_trailer_02_36,,,standable,alias,0.24,0.59
location_trailer_02_37,,,standable,alias,0.24,0.59
location_trailer_02_38,,,standable,alias,0.24,0.59
location_trailer_02_39,,,standable,alias,0.24,0.59
location_trailer_02_4,Seat,Trailer Fixed,solid,pixels,0.38,0.93
location_trailer_02_5,Seat,Trailer Fixed,solid,pixels,0.33,0.81
location_trailer_02_6,Seat,Trailer Fixed,solid,pixels,0.33,0.81
location_trailer_02_64,Counter,Wooden Corner,solid,alias,0.36,0.88
location_trailer_02_65,Counter,Wooden Corner,solid,alias,0.36,0.88
location_trailer_02_66,Counter,Wooden Corner,solid,alias,0.36,0.88
location_trailer_02_67,Counter,Wooden Corner,solid,alias,0.36,0.88
location_trailer_02_7,Seat,Trailer Fixed,solid,pixels,0.36,0.88
location_trailer_02_8,Trailer,Low Bench,solid,geometry,0.19,0.47
location_trailer_02_9,Trailer,Low Bench,solid,geometry,0.19,0.47
office_01_0,,,standable,alias,0.53,1.3
office_01_1,,,standable,alias,0.53,1.3
office_01_10,,,standable,alias,0.53,1.3
office_01_11,,,standable,alias,0.53,1.3
office_01_12,,,standable,alias,0.53,1.3
office_01_13,,,standable,alias,0.53,1.3
office_01_14,,,standable,alias,0.53,1.3
office_01_15,,,standable,alias,0.53,1.3
office_01_16,,,standable,alias,0.57,1.4
office_01_17,,,standable,alias,0.57,1.4
office_01_18,,,standable,alias,0.57,1.4
office_01_19,,,standable,alias,0.57,1.4
office_01_2,,,standable,alias,0.53,1.3
office_01_20,,,standable,alias,0.57,1.4
office_01_21,,,standable,alias,0.57,1.4
office_01_22,,,standable,alias,0.57,1.4
office_01_23,,,standable,alias,0.57,1.4
office_01_24,,,standable,alias,0.57,1.4
office_01_25,,,standable,alias,0.57,1.4
office_01_26,,,standable,alias,0.57,1.4
office_01_27,,,standable,alias,0.57,1.4
office_01_28,,,standable,alias,0.57,1.4
office_01_29,,,standable,alias,0.57,1.4
office_01_3,,,standable,alias,0.53,1.3
office_01_30,,,standable,alias,0.57,1.4
office_01_31,,,standable,alias,0.57,1.4
office_01_4,,,standable,alias,0.53,1.3
office_01_5,,,standable,alias,0.53,1.3
office_01_6,,,standable,alias,0.53,1.3
office_01_7,,,standable,alias,0.53,1.3
office_01_8,,,standable,alias,0.53,1.3
office_01_9,,,standable,alias,0.53,1.3
recreational_01_0,Jukebox,Oldies,solid,geometry,0.6,1.47
recreational_01_1,Jukebox,Oldies,solid,geometry,0.6,1.47
recreational_01_10,Stool,Piano,standable,geometry,0.23,0.56
recreational_01_11,Stool,Piano,standable,geometry,0.23,0.56
recreational_01_12,Piano,Western,standable,geometry,0.35,0.86
recreational_01_13,Piano,Western,standable,geometry,0.35,0.86
recreational_01_14,Stool,Piano,standable,geometry,0.23,0.56
recreational_01_15,Stool,Piano,standable,geometry,0.23,0.56
recreational_01_16,Machine,Dr. Oids Arcade,solid,geometry,0.39,0.96
recreational_01_17,Machine,Dr. Oids Arcade,solid,geometry,0.39,0.96
recreational_01_18,Machine,Dr. Oids Arcade,solid,geometry,0.78,1.91
recreational_01_19,Machine,Dr. Oids Arcade,solid,geometry,0.78,1.91
recreational_01_2,Table,Pool,solid,geometry,0.29,0.71
recreational_01_20,Machine,Kaboom Arcade,solid,alias,0.39,0.96
recreational_01_21,Machine,Kaboom Arcade,solid,alias,0.39,0.96
recreational_01_22,Machine,Kaboom Arcade,solid,alias,0.78,1.91
recreational_01_23,Machine,Kaboom Arcade,solid,alias,0.78,1.91
recreational_01_24,Machine,PAWS Pinball,solid,geometry,0.35,0.86
recreational_01_25,Machine,PAWS Pinball,solid,geometry,0.35,0.86
recreational_01_26,Machine,PAWS Pinball,solid,pixels,0.71,1.74
recreational_01_27,Machine,PAWS Pinball,solid,pixels,0.36,0.88
recreational_01_28,Piano,Western,solid,geometry,0.48,1.18
recreational_01_29,Piano,Western,solid,geometry,0.48,1.18
recreational_01_3,Table,Pool,solid,geometry,0.29,0.71
recreational_01_30,Piano,Western,standable,geometry,0.48,1.18
recreational_01_31,Piano,Western,standable,geometry,0.48,1.18
recreational_01_6,Table,Pool,solid,geometry,0.35,0.86
recreational_01_62,Stool,Drum,standable,geometry,0.25,0.61
recreational_01_7,Table,Pool,solid,geometry,0.35,0.86
recreational_01_72,Amplifier,Guitar,standable,geometry,0.18,0.44
recreational_01_73,Amplifier,Guitar,standable,geometry,0.18,0.44
recreational_01_74,Amplifier,Guitar,standable,geometry,0.18,0.44
recreational_01_75,Amplifier,Guitar,standable,geometry,0.18,0.44
recreational_01_76,Speaker Cabinet,Wood,solid,geometry,0.36,0.88
recreational_01_77,Speaker Cabinet,Wood,solid,geometry,0.36,0.88
recreational_01_78,Speaker Cabinet,Wood,solid,geometry,0.36,0.88
recreational_01_79,Speaker Cabinet,Wood,solid,geometry,0.35,0.86
recreational_01_8,Piano,Western,solid,geometry,0.35,0.86
recreational_01_80,Speaker Cabinet,Guitar,solid,geometry,0.3,0.73
recreational_01_81,Speaker Cabinet,Guitar,solid,geometry,0.3,0.73
recreational_01_82,Speaker Cabinet,Guitar,solid,geometry,0.3,0.73
recreational_01_83,Speaker Cabinet,Guitar,solid,geometry,0.3,0.73
recreational_01_9,Piano,Western,solid,geometry,0.35,0.86
recreational_sports_01_136,,,solid,fixed,0.35,0.86
recreational_sports_01_137,,,solid,fixed,0.35,0.86
recreational_sports_01_138,,,solid,fixed,0.35,0.86
recreational_sports_01_139,,,solid,fixed,0.35,0.86
recreational_sports_01_140,,,solid,fixed,0.2,0.49
recreational_sports_01_141,,,solid,fixed,0.2,0.49
recreational_sports_01_144,,,solid,fixed,0.35,0.86
recreational_sports_01_145,,,solid,fixed,0.35,0.86
recreational_sports_01_146,,,solid,fixed,0.35,0.86
recreational_sports_01_147,,,solid,fixed,0.35,0.86
recreational_sports_01_148,,,solid,fixed,0.2,0.49
recreational_sports_01_149,,,solid,fixed,0.2,0.49
recreational_sports_01_154,,,standable,alias,0.61,1.49
recreational_sports_01_155,,,standable,geometry,0.61,1.49
recreational_sports_01_163,,,standable,alias,0.61,1.49
recreational_sports_01_26,,,standable,geometry,0.33,0.81
recreational_sports_01_27,,,standable,geometry,0.33,0.81
recreational_sports_01_29,Hamster Wheel,Human,solid,pixels,0.45,1.1
recreational_sports_01_30,Hamster Wheel,Human,solid,pixels,0.45,1.1
recreational_sports_01_36,Hamster Wheel,Human,solid,geometry,0.58,1.42
recreational_sports_01_39,Hamster Wheel,Human,solid,geometry,0.58,1.42
recreational_sports_01_40,Contraption,Fitness,standable,geometry,0.16,0.39
recreational_sports_01_41,Contraption,Fitness,solid,geometry,0.16,0.39
recreational_sports_01_42,Contraption,Fitness,solid,geometry,0.16,0.39
recreational_sports_01_43,Contraption,Fitness,standable,geometry,0.16,0.39
recreational_sports_01_44,Contraption,Fitness,solid,geometry,0.16,0.39
recreational_sports_01_45,Contraption,Fitness,standable,geometry,0.16,0.39
recreational_sports_01_46,Contraption,Fitness,standable,geometry,0.16,0.39
recreational_sports_01_47,Contraption,Fitness,solid,geometry,0.16,0.39
recreational_sports_01_61,Bowling Rack,,standable,geometry,0.16,0.39
recreational_sports_01_62,Bowling Machine,,standable,geometry,0.37,0.91
recreational_sports_01_64,,,standable,geometry,0.27,0.66
recreational_sports_01_65,,,standable,geometry,0.27,0.66
recreational_sports_01_84,,,standable,geometry,0.57,1.4
recreational_sports_01_85,,,standable,geometry,0.57,1.4
recreational_sports_01_86,,,standable,geometry,0.57,1.4
recreational_sports_01_87,,,standable,geometry,0.57,1.4
recreational_sports_01_95,,,standable,geometry,0.55,1.35
roofs_30_01_109,,,standable,alias,0.18,0.44
roofs_30_01_112,,,standable,alias,0.18,0.44
roofs_30_01_45,,,standable,geometry,0.18,0.44
roofs_30_01_61,,,standable,alias,0.18,0.44
roofs_30_01_77,,,standable,alias,0.18,0.44
roofs_30_01_80,,,standable,alias,0.18,0.44
roofs_30_01_96,,,standable,alias,0.18,0.44
roofs_30_02_109,,,standable,alias,0.18,0.44
roofs_30_02_112,,,standable,alias,0.18,0.44
roofs_30_02_45,,,standable,alias,0.18,0.44
roofs_30_02_61,,,standable,alias,0.18,0.44
roofs_30_02_77,,,standable,alias,0.18,0.44
roofs_30_02_80,,,standable,alias,0.18,0.44
roofs_30_02_96,,,standable,alias,0.18,0.44
roofs_30_03_109,,,standable,alias,0.18,0.44
roofs_30_03_112,,,standable,alias,0.18,0.44
roofs_30_03_45,,,standable,alias,0.18,0.44
roofs_30_03_61,,,standable,alias,0.18,0.44
roofs_30_03_77,,,standable,alias,0.18,0.44
roofs_30_03_80,,,standable,alias,0.18,0.44
roofs_30_03_96,,,standable,alias,0.18,0.44
roofs_30_04_109,,,standable,alias,0.18,0.44
roofs_30_04_112,,,standable,alias,0.18,0.44
roofs_30_04_45,,,standable,alias,0.18,0.44
roofs_30_04_61,,,standable,alias,0.18,0.44
roofs_30_04_77,,,standable,alias,0.18,0.44
roofs_30_04_80,,,standable,alias,0.18,0.44
roofs_30_04_96,,,standable,alias,0.18,0.44
roofs_30_05_109,,,standable,alias,0.18,0.44
roofs_30_05_112,,,standable,alias,0.18,0.44
roofs_30_05_45,,,standable,alias,0.18,0.44
roofs_30_05_61,,,standable,alias,0.18,0.44
roofs_30_05_77,,,standable,alias,0.18,0.44
roofs_30_05_80,,,standable,alias,0.18,0.44
roofs_30_05_96,,,standable,alias,0.18,0.44
roofs_30_06_109,,,standable,alias,0.18,0.44
roofs_30_06_112,,,standable,alias,0.18,0.44
roofs_30_06_45,,,standable,alias,0.18,0.44
roofs_30_06_61,,,standable,alias,0.18,0.44
roofs_30_06_77,,,standable,alias,0.18,0.44
roofs_30_06_80,,,standable,alias,0.18,0.44
roofs_30_06_96,,,standable,alias,0.18,0.44
roofs_30_07_109,,,standable,alias,0.18,0.44
roofs_30_07_112,,,standable,alias,0.18,0.44
roofs_30_07_45,,,standable,alias,0.18,0.44
roofs_30_07_61,,,standable,alias,0.18,0.44
roofs_30_07_77,,,standable,alias,0.18,0.44
roofs_30_07_80,,,standable,alias,0.18,0.44
roofs_30_07_96,,,standable,alias,0.18,0.44
roofs_30_08_109,,,standable,alias,0.18,0.44
roofs_30_08_112,,,standable,alias,0.18,0.44
roofs_30_08_45,,,standable,alias,0.18,0.44
roofs_30_08_61,,,standable,alias,0.18,0.44
roofs_30_08_77,,,standable,alias,0.18,0.44
roofs_30_08_80,,,standable,alias,0.18,0.44
roofs_30_08_96,,,standable,alias,0.18,0.44
roofs_30_09_109,,,standable,alias,0.18,0.44
roofs_30_09_112,,,standable,alias,0.18,0.44
roofs_30_09_45,,,standable,alias,0.18,0.44
roofs_30_09_61,,,standable,alias,0.18,0.44
roofs_30_09_77,,,standable,alias,0.18,0.44
roofs_30_09_80,,,standable,alias,0.18,0.44
roofs_30_09_96,,,standable,alias,0.18,0.44
roofs_30_10_109,,,standable,alias,0.18,0.44
roofs_30_10_112,,,standable,alias,0.18,0.44
roofs_30_10_45,,,standable,alias,0.18,0.44
roofs_30_10_61,,,standable,alias,0.18,0.44
roofs_30_10_77,,,standable,alias,0.18,0.44
roofs_30_10_80,,,standable,alias,0.18,0.44
roofs_30_10_96,,,standable,alias,0.18,0.44
roofs_burnt_30_01_109,,,standable,alias,0.18,0.44
roofs_burnt_30_01_112,,,standable,alias,0.18,0.44
roofs_burnt_30_01_45,,,standable,alias,0.18,0.44
roofs_burnt_30_01_61,,,standable,alias,0.18,0.44
roofs_burnt_30_01_77,,,standable,alias,0.18,0.44
roofs_burnt_30_01_80,,,standable,alias,0.18,0.44
roofs_burnt_30_01_96,,,standable,alias,0.18,0.44
rooftop_furniture_1,,,solid,geometry,0.53,1.3
security_01_0,Terminal,Security,solid,geometry,0.38,0.93
security_01_1,Terminal,Security,solid,geometry,0.38,0.93
security_01_2,Terminal,Security,solid,geometry,0.39,0.96
security_01_3,Terminal,Security,solid,geometry,0.39,0.96
security_01_4,Monitors,Security Wall,standable,geometry,0.88,2.16
security_01_5,Monitors,Security Wall,standable,geometry,0.88,2.16
signs_church_0,Sign,Ominous,solid,geometry,0.61,1.49
signs_church_1,Sign,Ominous,solid,geometry,0.61,1.49
signs_church_10,Sign,Ominous,solid,geometry,0.63,1.54
signs_church_11,Sign,Ominous,solid,geometry,0.63,1.54
signs_church_12,Sign,Ominous,solid,geometry,0.6,1.47
signs_church_13,Sign,Ominous,solid,geometry,0.6,1.47
signs_church_14,Sign,Ominous,solid,geometry,0.63,1.54
signs_church_15,Sign,Ominous,solid,geometry,0.63,1.54
signs_church_16,Sign,Ominous,solid,geometry,0.63,1.54
signs_church_17,Sign,Ominous,solid,geometry,0.63,1.54
signs_church_18,Sign,Ominous,solid,geometry,0.62,1.52
signs_church_19,Sign,Ominous,solid,geometry,0.62,1.52
signs_church_2,Sign,Ominous,solid,geometry,0.59,1.45
signs_church_20,Sign,Ominous,solid,geometry,0.65,1.59
signs_church_21,Sign,Ominous,solid,geometry,0.65,1.59
signs_church_22,Sign,Ominous,solid,geometry,0.62,1.52
signs_church_23,Sign,Ominous,solid,geometry,0.62,1.52
signs_church_24,Sign,Ominous,solid,geometry,0.63,1.54
signs_church_25,Sign,Ominous,solid,geometry,0.63,1.54
signs_church_26,Sign,Ominous,solid,geometry,0.62,1.52
signs_church_27,Sign,Ominous,solid,geometry,0.62,1.52
signs_church_28,Sign,Ominous,solid,geometry,0.63,1.54
signs_church_29,Sign,Ominous,solid,geometry,0.63,1.54
signs_church_3,Sign,Ominous,solid,geometry,0.59,1.45
signs_church_30,Sign,Ominous,solid,geometry,0.62,1.52
signs_church_31,Sign,Ominous,solid,geometry,0.62,1.52
signs_church_4,Sign,Ominous,solid,geometry,0.61,1.49
signs_church_5,Sign,Ominous,solid,geometry,0.61,1.49
signs_church_6,Sign,Ominous,solid,geometry,0.65,1.59
signs_church_7,Sign,Ominous,solid,geometry,0.65,1.59
signs_church_8,Sign,Ominous,solid,geometry,0.61,1.49
signs_church_9,Sign,Ominous,solid,geometry,0.61,1.49
signs_one-off_01_104,Sign,Ominous,solid,geometry,0.65,1.59
signs_one-off_01_105,Sign,Ominous,solid,geometry,0.65,1.59
signs_one-off_01_24,Sign,Pony Roam-o,solid,geometry,0.53,1.3
signs_one-off_01_25,Sign,Pony Roam-o,solid,alias,0.53,1.3
signs_one-off_01_26,Sign,Pony Roam-o,solid,alias,0.53,1.3
signs_one-off_01_27,Sign,Dixie,solid,geometry,0.76,1.86
signs_one-off_01_28,Sign,Dixie,solid,alias,0.76,1.86
signs_one-off_01_29,Sign,Dixie,solid,alias,0.76,1.86
signs_one-off_01_30,Sign,Dixie,solid,alias,0.76,1.86
signs_one-off_01_37,Sign,Twiggy's,solid,geometry,0.45,1.1
signs_one-off_01_38,Sign,Twiggy's,solid,alias,0.45,1.1
signs_one-off_01_39,Sign,Twiggy's,solid,alias,0.45,1.1
signs_one-off_01_52,Sign,Hunting,solid,geometry,0.73,1.79
signs_one-off_01_53,Sign,Hunting,solid,alias,0.73,1.79
signs_one-off_01_54,Sign,Hunting,solid,alias,0.73,1.79
signs_one-off_01_55,Sign,Hunting,solid,alias,0.73,1.79
signs_one-off_04_14,,,standable,measured,0.52,1.27
signs_one-off_04_15,,,standable,measured,0.52,1.27
signs_one-off_04_16,,,standable,measured,0.52,1.27
signs_one-off_04_17,,,standable,measured,0.52,1.27
signs_one-off_04_18,,,standable,measured,0.52,1.27
signs_one-off_04_19,,,standable,measured,0.52,1.27
signs_one-off_04_20,,,standable,measured,0.52,1.27
signs_one-off_04_21,,,standable,measured,0.52,1.27
signs_one-off_04_22,,,standable,measured,0.52,1.27
signs_one-off_04_23,,,standable,measured,0.52,1.27
signs_one-off_04_24,,,standable,measured,0.52,1.27
signs_one-off_04_25,,,standable,measured,0.52,1.27
signs_one-off_04_26,,,standable,measured,0.52,1.27
signs_one-off_04_27,,,standable,measured,0.52,1.27
signs_one-off_06_121,,,standable,geometry,0.73,1.79
signs_one-off_06_122,,,standable,alias,0.73,1.79
signs_one-off_06_123,,,standable,alias,0.73,1.79
signs_one-off_06_124,,,standable,alias,0.73,1.79
signs_one-off_06_128,,,standable,geometry,0.24,0.59
signs_one-off_06_129,,,standable,alias,0.24,0.59
signs_one-off_06_130,,,standable,alias,0.24,0.59
signs_one-off_06_131,,,standable,alias,0.24,0.59
signs_one-off_06_132,,,standable,alias,0.24,0.59
signs_one-off_06_133,,,standable,alias,0.24,0.59
signs_one-off_06_134,,,standable,alias,0.24,0.59
signs_one-off_06_135,,,standable,alias,0.24,0.59
signs_one-off_06_136,,,standable,alias,0.24,0.59
signs_one-off_06_137,,,standable,alias,0.24,0.59
signs_one-off_06_160,,,standable,alias,0.9,2.2
signs_one-off_06_161,,,standable,alias,0.9,2.2
signs_one-off_06_162,,,standable,alias,0.9,2.2
signs_one-off_06_163,,,standable,alias,0.9,2.2
signs_one-off_06_164,,,standable,alias,0.9,2.2
signs_one-off_06_165,,,standable,alias,0.9,2.2
signs_one-off_06_166,,,standable,alias,0.9,2.2
signs_one-off_06_167,,,standable,alias,0.9,2.2
signs_one-off_06_175,,,standable,alias,0.9,2.2
signs_one-off_06_40,,,standable,geometry,0.36,0.88
signs_one-off_06_41,,,standable,alias,0.36,0.88
signs_one-off_06_42,,,standable,alias,0.36,0.88
signs_one-off_06_43,,,standable,alias,0.36,0.88
signs_one-off_06_44,,,standable,alias,0.36,0.88
signs_one-off_06_45,,,standable,alias,0.36,0.88
signs_one-off_06_88,,,standable,geometry,0.41,1.0
signs_one-off_06_89,,,standable,alias,0.41,1.0
signs_one-off_06_90,,,standable,alias,0.41,1.0
signs_one-off_06_91,,,standable,alias,0.41,1.0
signs_one-off_06_92,,,standable,alias,0.41,1.0
signs_one-off_07_120,,,standable,geometry,0.49,1.2
signs_one-off_07_121,,,standable,alias,0.49,1.2
signs_one-off_07_122,,,standable,alias,0.49,1.2
signs_one-off_07_123,,,standable,alias,0.49,1.2
signs_one-off_07_124,,,standable,alias,0.49,1.2
signs_one-off_07_125,,,standable,alias,0.49,1.2
signs_one-off_07_126,,,standable,alias,0.49,1.2
signs_one-off_07_276,,,standable,geometry,0.74,1.81
signs_one-off_07_32,,,standable,geometry,0.41,1.0
signs_one-off_07_33,,,standable,alias,0.41,1.0
signs_one-off_07_34,,,standable,alias,0.41,1.0
signs_one-off_07_35,,,standable,alias,0.41,1.0
signs_one-off_07_36,,,standable,alias,0.41,1.0
signs_one-off_07_37,,,standable,alias,0.41,1.0
signs_one-off_07_38,,,standable,alias,0.41,1.0
signs_one-off_07_39,,,standable,alias,0.41,1.0
signs_one-off_07_48,,,standable,geometry,0.45,1.1
signs_one-off_07_49,,,standable,alias,0.45,1.1
signs_one-off_07_50,,,standable,alias,0.45,1.1
signs_one-off_07_51,,,standable,alias,0.45,1.1
signs_one-off_07_52,,,standable,alias,0.45,1.1
signs_one-off_07_53,,,standable,alias,0.45,1.1
signs_one-off_07_56,,,standable,geometry,0.57,1.4
signs_one-off_07_57,,,standable,alias,0.57,1.4
signs_one-off_07_58,,,standable,alias,0.57,1.4
signs_one-off_07_59,,,standable,alias,0.57,1.4
signs_one-off_07_60,,,standable,alias,0.57,1.4
signs_one-off_07_61,,,standable,alias,0.57,1.4
signs_one-off_07_62,,,standable,alias,0.57,1.4
signs_one-off_07_63,,,standable,alias,0.57,1.4
signs_one-off_07_85,Sign,Out of Gas,standable,geometry,0.41,1.0
signs_one-off_07_86,Sign,Out of Gas,standable,geometry,0.41,1.0
signs_one-off_08_108,,,standable,geometry,0.61,1.49
signs_one-off_08_109,,,standable,geometry,0.61,1.49
signs_one-off_08_110,,,standable,alias,0.61,1.49
signs_one-off_08_111,,,standable,alias,0.61,1.49
signs_one-off_08_144,,,standable,geometry,0.49,1.2
signs_one-off_08_145,,,standable,geometry,0.49,1.2
signs_one-off_08_146,,,standable,alias,0.49,1.2
signs_one-off_08_147,,,standable,alias,0.49,1.2
signs_one-off_08_148,,,standable,alias,0.49,1.2
signs_one-off_08_204,,,solid,geometry,0.41,1.0
signs_one-off_08_205,,,solid,alias,0.41,1.0
signs_one-off_08_206,,,solid,alias,0.41,1.0
signs_one-off_08_207,,,solid,alias,0.41,1.0
signs_one-off_09_0,,,solid,geometry,0.43,1.05
signs_one-off_09_1,,,solid,geometry,0.43,1.05
signs_one-off_09_132,,,solid,geometry,0.58,1.42
signs_one-off_09_135,,,solid,geometry,0.58,1.42
signs_one-off_09_136,,,standable,alias,0.53,1.3
signs_one-off_09_137,,,standable,alias,0.53,1.3
signs_one-off_09_138,,,standable,geometry,0.53,1.3
signs_one-off_09_139,,,standable,alias,0.53,1.3
signs_one-off_09_140,,,standable,alias,0.53,1.3
signs_one-off_09_2,,,solid,geometry,0.43,1.05
signs_one-off_09_3,,,solid,geometry,0.73,1.79
signs_one-off_09_4,,,solid,geometry,0.43,1.05
signs_one-off_09_5,,,solid,geometry,0.43,1.05
signs_one-off_09_6,,,solid,geometry,0.43,1.05
signs_one-off_09_7,Sign,All Week Fresh,standable,geometry,0.41,1.0
signs_one-off_09_76,,,standable,alias,0.86,2.11
signs_one-off_09_77,,,standable,alias,0.86,2.11
signs_one-off_09_78,,,standable,geometry,0.86,2.11
signs_one-off_09_79,,,standable,alias,0.86,2.11
signs_one-off_09_88,Sign,Open Mic,standable,geometry,0.38,0.93
street_decoration_01_10,Box,Public Mail,solid,geometry,0.57,1.4
street_decoration_01_11,Box,Public Mail,solid,geometry,0.57,1.4
street_decoration_01_12,Standpipe,,standable,geometry,0.3,0.73
street_decoration_01_16,Pole,American Flag,standable,geometry,0.41,1.0
street_decoration_01_18,Box,Mail,standable,geometry,0.41,1.0
street_decoration_01_19,Box,Mail,standable,geometry,0.41,1.0
street_decoration_01_20,Box,Mail,standable,geometry,0.41,1.0
street_decoration_01_21,Box,Mail,standable,geometry,0.41,1.0
street_decoration_01_26,Road Cone,,standable,geometry,0.21,0.51
street_decoration_01_27,Road Cone,,standable,IsLow default,0.35,0.86
street_decoration_01_4,Meter,Parking,standable,geometry,0.55,1.35
street_decoration_01_5,Meter,Parking,standable,geometry,0.55,1.35
street_decoration_01_56,Post,Barrier,solid,geometry,0.5,1.22
street_decoration_01_57,Post,Barrier,standable,geometry,0.33,0.81
street_decoration_01_58,Post,Barrier,standable,alias,0.33,0.81
street_decoration_01_59,Post,Barrier,standable,alias,0.33,0.81
street_decoration_01_6,Meter,Parking,standable,geometry,0.55,1.35
street_decoration_01_60,Post,Barrier,standable,alias,0.33,0.81
street_decoration_01_61,Post,Barrier,standable,alias,0.33,0.81
street_decoration_01_62,Post,Barrier,standable,geometry,0.33,0.81
street_decoration_01_63,Post,Barrier,solid,geometry,0.5,1.22
street_decoration_01_64,Post,Barrier,standable,geometry,0.5,1.22
street_decoration_01_65,Post,Barrier,standable,geometry,0.37,0.91
street_decoration_01_66,Post,Barrier,standable,alias,0.37,0.91
street_decoration_01_67,Post,Barrier,standable,alias,0.37,0.91
street_decoration_01_68,Post,Barrier,standable,alias,0.37,0.91
street_decoration_01_69,Post,Barrier,standable,alias,0.37,0.91
street_decoration_01_7,Meter,Parking,standable,geometry,0.55,1.35
street_decoration_01_70,Post,Barrier,standable,geometry,0.37,0.91
street_decoration_01_71,Post,Barrier,standable,geometry,0.5,1.22
street_decoration_01_8,Box,Public Mail,solid,geometry,0.57,1.4
street_decoration_01_80,,,solid,geometry,0.61,1.49
street_decoration_01_81,,,solid,alias,0.61,1.49
street_decoration_01_82,,,solid,alias,0.61,1.49
street_decoration_01_83,,,solid,alias,0.61,1.49
street_decoration_01_84,,,solid,geometry,0.61,1.49
street_decoration_01_85,,,solid,alias,0.61,1.49
street_decoration_01_86,,,solid,alias,0.61,1.49
street_decoration_01_87,,,solid,alias,0.61,1.49
street_decoration_01_88,,,solid,alias,0.61,1.49
street_decoration_01_89,,,solid,alias,0.61,1.49
street_decoration_01_9,Box,Public Mail,solid,geometry,0.57,1.4
street_decoration_01_90,,,solid,alias,0.61,1.49
street_decoration_01_91,,,solid,alias,0.61,1.49
street_decoration_01_92,,,solid,alias,0.61,1.49
street_decoration_01_93,,,solid,alias,0.61,1.49
street_decoration_01_94,,,solid,alias,0.61,1.49
street_decoration_01_95,,,solid,alias,0.61,1.49
trash_01_41,Trash,,standable,geometry,0.16,0.39
trash_01_48,Trash,,standable,geometry,0.16,0.39
trashcontainers_01_0,Bin,Wheelie,standable,geometry,0.37,0.91
trashcontainers_01_1,Bin,Wheelie,standable,geometry,0.37,0.91
trashcontainers_01_10,Dumpster,Blue,solid,geometry,0.61,1.49
trashcontainers_01_11,Dumpster,Blue,solid,geometry,0.61,1.49
trashcontainers_01_12,Dumpster,Orange,solid,alias,0.61,1.49
trashcontainers_01_13,Dumpster,Orange,solid,alias,0.61,1.49
trashcontainers_01_14,Dumpster,Orange,solid,alias,0.61,1.49
trashcontainers_01_15,Dumpster,Orange,solid,alias,0.61,1.49
trashcontainers_01_16,Recycle Bin,,standable,geometry,0.35,0.86
trashcontainers_01_17,Green Garbage Bin,,solid,geometry,0.36,0.88
trashcontainers_01_18,Bin,Grey Garbage,solid,geometry,0.41,1.0
trashcontainers_01_2,Bin,Wheelie,standable,geometry,0.37,0.91
trashcontainers_01_20,Round Bin,,standable,geometry,0.25,0.61
trashcontainers_01_21,Public Garbage Bin,,solid,geometry,0.39,0.96
trashcontainers_01_24,Box,Cartboard,standable,geometry,0.2,0.49
trashcontainers_01_25,Box,Cartboard,standable,geometry,0.2,0.49
trashcontainers_01_26,Box,Battered Cartboard,standable,geometry,0.2,0.49
trashcontainers_01_27,Box,Battered Cartboard,standable,geometry,0.2,0.49
trashcontainers_01_28,Dumpster,Blue,solid,alias,0.61,1.49
trashcontainers_01_29,Dumpster,Blue,solid,alias,0.61,1.49
trashcontainers_01_3,Bin,Wheelie,standable,geometry,0.37,0.91
trashcontainers_01_30,Dumpster,Blue,solid,alias,0.61,1.49
trashcontainers_01_31,Dumpster,Blue,solid,alias,0.61,1.49
trashcontainers_01_32,Bin,Wall,standable,geometry,0.65,1.59
trashcontainers_01_33,Bin,Wall,standable,geometry,0.65,1.59
trashcontainers_01_8,Dumpster,Blue,solid,geometry,0.61,1.49
trashcontainers_01_9,Dumpster,Blue,solid,geometry,0.61,1.49
vegetation_drying_01_16,Drying Rack,Large,solid,geometry,0.84,2.06
vegetation_drying_01_17,Drying Rack,Large,solid,geometry,0.84,2.06
vegetation_drying_01_18,Drying Rack,Large,solid,geometry,0.84,2.06
vegetation_drying_01_19,Drying Rack,Large,solid,geometry,0.84,2.06
vegetation_drying_01_20,Drying Rack,Large,solid,geometry,0.84,2.06
vegetation_drying_01_21,Drying Rack,Large,solid,geometry,0.84,2.06
vegetation_drying_01_22,Drying Rack,Large,solid,geometry,0.84,2.06
vegetation_drying_01_23,Drying Rack,Large,solid,geometry,0.84,2.06
vegetation_farm_01_10,Double Stacked Hay,,solid,geometry,0.35,0.86
vegetation_farm_01_11,Double Stacked Hay,,solid,fixed,0.36,0.88
vegetation_farm_01_16,Single Stacked Hay,,solid,geometry,0.19,0.47
vegetation_farm_01_17,Single Stacked Hay,,solid,fixed,0.18,0.44
vegetation_farm_01_18,Double Stacked Hay,,solid,geometry,0.35,0.86
vegetation_farm_01_19,Double Stacked Hay,,solid,fixed,0.36,0.88
vegetation_farm_01_8,Single Stacked Hay,,solid,geometry,0.19,0.47
vegetation_farm_01_9,Single Stacked Hay,,solid,fixed,0.18,0.44
vegetation_indoor_01_16,Raised Plantbed,,solid,geometry,0.27,0.66
vegetation_indoor_01_24,Raised Plantbed,,solid,geometry,0.27,0.66
vegetation_indoor_01_32,Raised Plantbed,,solid,geometry,0.27,0.66
vegetation_indoor_01_8,Raised Plantbed,,solid,geometry,0.27,0.66
vegetation_ornamental_01_50,Bird Bath,,solid,geometry,0.39,0.96
vegetation_ornamental_01_51,Bird Bath,,solid,geometry,0.39,0.96
walls_interior_house_05_1,,,standable,alias,0.8,1.96
walls_interior_house_05_101,,,standable,alias,0.8,1.96
walls_interior_house_05_103,,,standable,alias,0.8,1.96
walls_interior_house_05_105,,,standable,alias,0.8,1.96
walls_interior_house_05_107,,,standable,alias,0.8,1.96
walls_interior_house_05_109,,,standable,alias,0.8,1.96
walls_interior_house_05_11,,,standable,alias,0.8,1.96
walls_interior_house_05_111,,,standable,alias,0.8,1.96
walls_interior_house_05_13,,,standable,alias,0.8,1.96
walls_interior_house_05_15,,,standable,alias,0.8,1.96
walls_interior_house_05_17,,,standable,alias,0.8,1.96
walls_interior_house_05_19,,,standable,alias,0.8,1.96
walls_interior_house_05_21,,,standable,alias,0.8,1.96
walls_interior_house_05_23,,,standable,alias,0.8,1.96
walls_interior_house_05_25,,,standable,alias,0.8,1.96
walls_interior_house_05_27,,,standable,alias,0.8,1.96
walls_interior_house_05_29,,,standable,alias,0.8,1.96
walls_interior_house_05_3,,,standable,alias,0.8,1.96
walls_interior_house_05_31,,,standable,alias,0.8,1.96
walls_interior_house_05_33,,,standable,alias,0.8,1.96
walls_interior_house_05_35,,,standable,alias,0.8,1.96
walls_interior_house_05_37,,,standable,alias,0.8,1.96
walls_interior_house_05_39,,,standable,alias,0.8,1.96
walls_interior_house_05_41,,,standable,alias,0.8,1.96
walls_interior_house_05_43,,,standable,alias,0.8,1.96
walls_interior_house_05_45,,,standable,alias,0.8,1.96
walls_interior_house_05_47,,,standable,alias,0.8,1.96
walls_interior_house_05_49,,,standable,alias,0.8,1.96
walls_interior_house_05_5,,,standable,alias,0.8,1.96
walls_interior_house_05_51,,,standable,alias,0.8,1.96
walls_interior_house_05_53,,,standable,alias,0.8,1.96
walls_interior_house_05_55,,,standable,alias,0.8,1.96
walls_interior_house_05_57,,,standable,alias,0.8,1.96
walls_interior_house_05_59,,,standable,alias,0.8,1.96
walls_interior_house_05_61,,,standable,alias,0.8,1.96
walls_interior_house_05_63,,,standable,alias,0.8,1.96
walls_interior_house_05_65,,,standable,alias,0.8,1.96
walls_interior_house_05_67,,,standable,alias,0.8,1.96
walls_interior_house_05_69,,,standable,alias,0.8,1.96
walls_interior_house_05_7,,,standable,alias,0.8,1.96
walls_interior_house_05_71,,,standable,alias,0.8,1.96
walls_interior_house_05_73,,,standable,alias,0.8,1.96
walls_interior_house_05_75,,,standable,alias,0.8,1.96
walls_interior_house_05_77,,,standable,alias,0.8,1.96
walls_interior_house_05_79,,,standable,alias,0.8,1.96
walls_interior_house_05_81,,,standable,alias,0.8,1.96
walls_interior_house_05_83,,,standable,alias,0.8,1.96
walls_interior_house_05_85,,,standable,alias,0.8,1.96
walls_interior_house_05_87,,,standable,alias,0.8,1.96
walls_interior_house_05_89,,,standable,alias,0.8,1.96
walls_interior_house_05_9,,,standable,alias,0.8,1.96
walls_interior_house_05_91,,,standable,alias,0.8,1.96
walls_interior_house_05_93,,,standable,alias,0.8,1.96
walls_interior_house_05_95,,,standable,alias,0.8,1.96
walls_interior_house_05_97,,,standable,alias,0.8,1.96
walls_interior_house_05_99,,,standable,alias,0.8,1.96
